"","user","hashtag","retweets"
"1","NOAA","irma",32265
"2","NOAA",NA,15199
"3","NOAA","maria",12098
"4","NOAA","hurricane",8781
"5","NOAA","nate",8541
"6","NOAAFish_WCRO","findyourpark",7713
"7","NOAAFisheries",NA,6271
"8","NOAAResearch",NA,5770
"9","NOAA","goes16",5633
"10","NOAA","puertorico",4909
"11","NOAAFish_WCRO",NA,4816
"12","NOAA","hurricanemaria",4670
"13","NOAA","stateofclimate",4533
"14","NOAA","jpss1",3290
"15","NOAAFisheries","irma",2174
"16","NOAAFisheries","nps100",1819
"17","NOAAFisheries","findyourpark",1813
"18","NOAAHabitat",NA,1742
"19","NOAA","drought",1724
"20","NOAA","safety",1516
"21","NOAA","droughtmonitor",1514
"22","NOAAFisheries","okeanos",1429
"23","NOAA","winter",1368
"24","NOAAResearch","okeanos",1298
"25","NOAAResearch","stateofclimate",1091
"26","NOAAFish_WCRO","vaquitamarina",1082
"27","NOAAResearch","lanina",1077
"28","NOAAFisheries","seaturtleweek",1026
"29","NOAA","flwx",1021
"30","NOAA","cafires",1004
"31","NOAAFish_WCRO","goes16",924
"32","NOAAResearch","winter",910
"33","NOAA","earth",900
"34","NOAAFish_WCRO","okeanos",893
"35","NOAA","climate",879
"36","NOAAResearch","greatlakes",873
"37","NOAAFisheries","whaleweek",805
"38","NOAA","okeanos",748
"39","NOAAResearch","wx",730
"40","NOAA","category5",729
"41","NOAAFisheries","seafoodmonth",728
"42","NOAAFisheries","msa40",662
"43","NOAAResearch","billiondollardisasters",661
"44","NOAA","arctic",647
"45","NOAA","lanina",645
"46","NOAAResearch","noaa",621
"47","NOAAHabitat","habitatmonth",616
"48","NOAAResearch","florida",606
"49","NOAA","billiondollardisasters",604
"50","NOAAResearch","hurricaneseason",583
"51","NOAA","weather",577
"52","NOAAResearch","weatheriscool",573
"53","NOAA","goeseast",562
"54","NOAAResearch","climate",558
"55","NOAA","mariapr",552
"56","NOAA","seaice",540
"57","NOAAResearch","goes16",535
"58","NOAAResearch","ireland",525
"59","NOAAResearch","ophelia",525
"60","NOAA","winteroutlook",517
"61","NOAAResearch","severewx",517
"62","NOAAResearch","noaa20",513
"63","NOAA","antarctic",512
"64","NOAAResearch","suominpp",504
"65","NOAA","wintersafety",497
"66","NOAA","satellites",494
"67","NOAA","hurricanenate",486
"68","NOAAResearch","viirs",479
"69","NOAAFisheries","worldoceansday",470
"70","NOAA","science",442
"71","NOAA","solstice",438
"72","NOAA","periscope",425
"73","NOAAFisheries","worldwaterday",418
"74","NOAAResearch","lan",415
"75","NOAA","otd",414
"76","NOAAResearch","arctic",411
"77","NOAAFish_WCRO","elnino",410
"78","NOAAHabitat","habitat",399
"79","NOAAResearch","irma",399
"80","NOAA","october",397
"81","NOAAResearch","harvey",394
"82","NOAA","noaa20",393
"83","NOAAFisheries","habitatmonth",391
"84","NOAA","autumnequinox",388
"85","NOAA","firstdayoffall",388
"86","NOAAResearch","bombcyclone",371
"87","NOAA","santa",365
"88","NOAAFisheries","30daysofocean",361
"89","NOAA","november",356
"90","NOAAFish_WCRO","stateofclimate",355
"91","NOAAFisheries","efh20",355
"92","NOAAFish_WCRO","noaa",353
"93","NOAAFisheries","noaaspotlightspecies",349
"94","NOAAFisheries","sharkweek",348
"95","NOAAFisheries","climatechange",343
"96","NOAAResearch","themoreyounoaa",338
"97","NOAAResearch","weather",330
"98","NOAA","fulldiskfriday",329
"99","NOAAFisheries","seafood",326
"100","NOAAResearch","goeseast",325
"101","NOAA","agu2017",319
"102","NOAAHabitat","coralsweek",319
"103","NOAAFisheries","habitat",316
"104","NOAA","cold",315
"105","NOAAFisheries","aquacultureweek",314
"106","NOAAResearch","typhoon",311
"107","NOAAHabitat","efh20",303
"108","NOAAFisheries","earthday",298
"109","NOAAFisheries","fishwatchfriday",297
"110","NOAAHabitat","actonclimate",297
"111","NOAAResearch","lightning",293
"112","NOAAFish_WCRO","orovillespillway",292
"113","NOAA","lightning",288
"114","NOAAFisheries","noaa",286
"115","NOAA","countdowntolaunch",284
"116","NOAAResearch","research",284
"117","NOAA","veteransday",281
"118","NOAAResearch","climatechange",273
"119","NOAA","climatechange",271
"120","NOAA","explainingextremes",271
"121","NOAAResearch","ocean",269
"122","NOAA","oceanfactfriday",262
"123","NOAA","superbluebloodmoon",260
"124","NOAAHabitat","estuariesweek",260
"125","NOAAFisheries","whales",255
"126","NOAA","floodsafety",254
"127","NOAAResearch","jpss1",248
"128","NOAA","august",247
"129","NOAAFish_WCRO","noaaclimate",247
"130","NOAAFish_WCRO","potus",247
"131","NOAAFish_WCRO","usclimatereport",247
"132","NOAAResearch","cold",246
"133","NOAAHabitat","msa40",243
"134","NOAA","january",235
"135","NOAAFisheries","shark",235
"136","NOAA","satellite",234
"137","NOAAFish_WCRO","noaaspotlightspecies",232
"138","NOAAFisheries","aquaculture",232
"139","NOAA","gulfcoast",230
"140","NOAAFisheries","worldoceanday",228
"141","NOAAFisheries","earthdaynoaa",227
"142","NOAA","noaa",226
"143","NOAA","lawx",225
"144","NOAAHabitat","habitatblueprint",225
"145","NOAA","hurricaneirma",223
"146","NOAA","wildfiresafety",223
"147","NOAAResearch","winteroutlook",222
"148","NOAAFisheries","tacklingbycatch",221
"149","NOAAResearch","droughtmonitor",219
"150","NOAAFish_WCRO","blizzard2016",218
"151","NOAAFisheries","blizzard2016",218
"152","NOAA","flashflooding",217
"153","NOAAFish_WCRO","sharkweek",217
"154","NOAAFish_WCRO","salmon",216
"155","NOAA","scarystuff",215
"156","NOAAHabitat","coral",212
"157","NOAAFisheries","whale",211
"158","NOAAResearch","winterscience",210
"159","NOAAHabitat","seaturtleweek",209
"160","NOAA","hurricaneseason",206
"161","NOAAResearch","earth",206
"162","NOAA","stormsurge",205
"163","NOAAResearch","dyk",203
"164","NOAAFish_WCRO","whales",201
"165","NOAAFisheries","fisheries",199
"166","NOAA","socialmedia",197
"167","NOAA","space",197
"168","NOAAHabitat","corals",195
"169","NOAAResearch","data",195
"170","NOAA","aquacultureweek",194
"171","NOAAFish_WCRO","aquacultureweek",194
"172","NOAAResearch","weatherof2017",193
"173","NOAA","fridaythe13th",192
"174","NOAAFisheries","eclipse2017",190
"175","NOAA","coralsweek",189
"176","NOAAFisheries","science",188
"177","NOAAResearch","groundhogday",188
"178","NOAA","usvi",180
"179","NOAAResearch","octopusfriday",180
"180","NOAAResearch","hurricanes",177
"181","NOAA","southpole",175
"182","NOAA","spring",175
"183","NOAA","sunrise",175
"184","NOAA","seafoodmonth",174
"185","NOAAHabitat","restoration",173
"186","NOAAResearch","snow",171
"187","NOAAResearch","drought",170
"188","NOAAResearch","science",169
"189","NOAAFish_WCRO","november",165
"190","NOAA","enso",163
"191","NOAA","happybirthday",162
"192","NOAA","socalfires",155
"193","NOAAFisheries","coralsweek",155
"194","NOAAFisheries","worldoceanday2017",155
"195","NOAAResearch","atmosphere",155
"196","NOAAResearch","hurricane",155
"197","NOAA","newyearseve",154
"198","NOAAFisheries","coral",151
"199","NOAAFisheries","noaatop5",151
"200","NOAA","suominpp",147
"201","NOAA","winds",143
"202","NOAAHabitat","noaa",141
"203","NOAAFisheries","marine",140
"204","NOAAHabitat","okeanos",139
"205","NOAAFisheries","oleinaction",138
"206","NOAAHabitat","oilspill",137
"207","NOAAFisheries","fish",136
"208","NOAAFisheries","whwatersummit",135
"209","NOAA","hurricaneprep",134
"210","NOAA","hurricanestrong",134
"211","NOAAFisheries","fishing",133
"212","NOAA","jose",132
"213","NOAAFish_WCRO","fishing",132
"214","NOAAFisheries","water",132
"215","NOAA","happynewyear",131
"216","NOAA","september",131
"217","NOAAFisheries","habitatblueprint",131
"218","NOAAResearch","november",131
"219","NOAAResearch","otd",131
"220","NOAA","cssr2017",128
"221","NOAAFish_WCRO","climatechange",126
"222","NOAAResearch","thunderstorms",126
"223","NOAAFisheries","salmon",124
"224","NOAAFisheries","scholarships",124
"225","NOAAResearch","marine",123
"226","NOAAResearch","wintersafety",123
"227","NOAA","noaaopenhouse",122
"228","NOAA","silverspring",122
"229","NOAAFisheries","octopusfriday",122
"230","NOAAResearch","newyearseve",122
"231","NOAAResearch","coralsweek",121
"232","NOAAFish_WCRO","iuu",119
"233","NOAAFisheries","sea",119
"234","NOAAFish_WCRO","octopusfriday",118
"235","NOAAResearch","firesafety",118
"236","NOAA","games",116
"237","NOAAFisheries","oceannoisestrategy",114
"238","NOAAFisheries","wfmd16",114
"239","NOAAHabitat","salmon",114
"240","NOAAFish_WCRO","science",113
"241","NOAAFisheries","noaafisheries",112
"242","NOAAResearch","japan",112
"243","NOAA","explorer1",111
"244","NOAAHabitat","30daysofocean",111
"245","NOAAHabitat","restore25",111
"246","NOAAHabitat","worldoceanday",111
"247","NOAAFisheries","birdyear",109
"248","NOAAResearch","countdowntolaunch",109
"249","NOAA","turnarounddontdrown",108
"250","NOAAHabitat","coralbleaching",108
"251","NOAA","beachsafety",107
"252","NOAAFisheries","photooftheweek",107
"253","NOAAResearch","fulldiskfriday",107
"254","NOAA","mlkday",106
"255","NOAAFish_WCRO","seaturtleweek",106
"256","NOAAResearch","supertyphoon",106
"257","NOAA","snow",105
"258","NOAAFish_WCRO","orcamonth",105
"259","NOAA","happyhalloween",104
"260","NOAAFisheries","bycatch",104
"261","NOAAFish_WCRO","youth4climate",103
"262","NOAAFisheries","climate",103
"263","NOAAResearch","co2",103
"264","NOAAResearch","education",103
"265","NOAAFisheries","students",102
"266","NOAAFisheries","undergrad",102
"267","NOAAHabitat","gulfrestoration",102
"268","NOAAResearch","ayearinreview",102
"269","NOAA","noaascholars",101
"270","NOAAFisheries","worldoceansday2017",101
"271","NOAAResearch","californiawildfires",100
"272","NOAAResearch","winterwx",100
"273","NOAAFisheries","valentinesday",99
"274","NOAAFish_WCRO","vaquita",97
"275","NOAAHabitat","marinedebris",97
"276","NOAA","globe",96
"277","NOAAResearch","globe",96
"278","NOAAFisheries","nfbw",95
"279","NOAAFisheries","worldwhaleday",95
"280","NOAAFisheries","ocean",94
"281","NOAAHabitat","hawaiian",94
"282","NOAAFisheries","top5of2015",93
"283","NOAAResearch","mexico",93
"284","NOAAResearch","popocatã©petl",93
"285","NOAA","december",92
"286","NOAA","lee",92
"287","NOAA","scholarships",92
"288","NOAAHabitat","seafoodmonth",92
"289","NOAAResearch","featurefriday",92
"290","NOAAResearch","superbluebloodmoon",92
"291","NOAAResearch","winds",92
"292","NOAAHabitat","deepwaterhorizon",91
"293","NOAAResearch","forecasts",91
"294","NOAA","flood",90
"295","NOAA","tornado",90
"296","NOAAFish_WCRO","billiondollardisasters",90
"297","NOAAResearch","agu2017",90
"298","NOAA","holidays",89
"299","NOAAFish_WCRO","sharetheshore",89
"300","NOAAFisheries","turtles",89
"301","NOAA","laniã±a",88
"302","NOAAFish_WCRO","wildlifecrime",88
"303","NOAAFish_WCRO","worldwildlifeday",88
"304","NOAAFisheries","sealion",88
"305","NOAAResearch","gfdl",88
"306","NOAAResearch","aquaculture",87
"307","NOAAFish_WCRO","ocean",85
"308","NOAAHabitat","greatlakes",84
"309","NOAA","coralreefs",83
"310","NOAA","ice",83
"311","NOAAFisheries","earthisblue",83
"312","NOAAResearch","pmel",83
"313","NOAAHabitat","wetlands",82
"314","NOAAFisheries","alaska",81
"315","NOAAFisheries","funding",81
"316","NOAAResearch","january",81
"317","NOAAFish_WCRO","scientists",79
"318","NOAAHabitat","fridayfeeling",79
"319","NOAAResearch","wildfire",79
"320","NOAAFish_WCRO","drought",77
"321","NOAAFish_WCRO","enso",76
"322","NOAAFish_WCRO","lanina",76
"323","NOAA","6moreweeksofwinter",75
"324","NOAA","groundhogday",75
"325","NOAA","thanksgiving",75
"326","NOAAFish_WCRO","oceanacidification",75
"327","NOAAFish_WCRO","orcaweek",75
"328","NOAAHabitat","deepseatv17",75
"329","NOAAResearch","oceanacidification",75
"330","NOAA","greenland",74
"331","NOAA","wildfire",74
"332","NOAA","seafood",73
"333","NOAAResearch","airquality",73
"334","NOAAHabitat","noaacorps100",71
"335","NOAA","undergrad",70
"336","NOAAHabitat","noaaspotlightspecies",70
"337","NOAAResearch","scholarship",70
"338","NOAAResearch","women",70
"339","NOAA","bombogenesis",69
"340","NOAA","midwest",69
"341","NOAAFisheries","internationaldayofforests",69
"342","NOAAFisheries","technologyweek",69
"343","NOAAHabitat","funding",69
"344","NOAAResearch","bombogenesis",69
"345","NOAAResearch","september",69
"346","NOAAFish_WCRO","seafood",68
"347","NOAAResearch","knauss",68
"348","NOAAResearch","minorities",68
"349","NOAA","ozonehole",67
"350","NOAA","ama",66
"351","NOAAResearch","ecosystems",66
"352","NOAAResearch","environment",66
"353","NOAAResearch","gom",66
"354","NOAA","antarctica",65
"355","NOAAHabitat","oceanacidification",65
"356","NOAAResearch","oa",65
"357","NOAAFish_WCRO","whale",64
"358","NOAAResearch","coasts",64
"359","NOAAResearch","oartop10",64
"360","NOAAResearch","resources",64
"361","NOAAResearch","scholarships",64
"362","NOAAResearch","seafoodmonth",64
"363","NOAAFish_WCRO","fish",63
"364","NOAAFisheries","conservation",63
"365","NOAAResearch","earthisblue",63
"366","NOAAResearch","goess",63
"367","NOAAResearch","wildfiresafety",63
"368","NOAAFish_WCRO","climate",62
"369","NOAA","aquaculture",61
"370","NOAAFish_WCRO","cawx",61
"371","NOAAResearch","thanksgiving",61
"372","NOAA","goes17",60
"373","NOAA","goess",60
"374","NOAA","veterans",60
"375","NOAAFish_WCRO","habitat",60
"376","NOAAFisheries","veterans",60
"377","NOAAResearch","antarctic",60
"378","NOAAResearch","goes17",60
"379","NOAAResearch","seaice",60
"380","NOAAFisheries","nationaloysterday",59
"381","NOAAFisheries","resilientlandsandwaters",59
"382","NOAAHabitat","reefs",59
"383","NOAAResearch","oar",59
"384","NOAA","happyholidays",58
"385","NOAAFish_WCRO","noaaday",58
"386","NOAAResearch","enso",58
"387","NOAAFisheries","monkseals",57
"388","NOAAResearch","undergrad",57
"389","NOAAFish_WCRO","childrenspool",56
"390","NOAAResearch","throwbackthursday",56
"391","NOAAFish_WCRO","exxonvaldez25",55
"392","NOAAFisheries","worldfisheriesday",55
"393","NOAAResearch","noaatop10",55
"394","NOAAResearch","savethedate",55
"395","NOAAResearch","seasurface",55
"396","NOAAResearch","topten2017",55
"397","NOAAResearch","coral",54
"398","NOAAFish_WCRO","habitatmonth",53
"399","NOAAFisheries","endangeredspeciesday",53
"400","NOAA","coral",52
"401","NOAA","noaatop5",52
"402","NOAAFish_WCRO","seafoodmonth",52
"403","NOAAFish_WCRO","30daysofocean",51
"404","NOAAFish_WCRO","turtles",51
"405","NOAAHabitat","estuaries",51
"406","NOAAResearch","holidays",51
"407","NOAAResearch","laniã±a",51
"408","NOAAResearch","mjo",51
"409","NOAAResearch","us",51
"410","NOAAFish_WCRO","expedicionvaquita2015",50
"411","NOAAHabitat","habitats",50
"412","NOAAFish_WCRO","fisheries",49
"413","NOAAFish_WCRO","atmosphericriver",48
"414","NOAAFish_WCRO","steelhead",48
"415","NOAAResearch","snowflakes",48
"416","NOAAResearch","storms",48
"417","NOAA","flooded",47
"418","NOAAFish_WCRO","resiliency",47
"419","NOAAFisheries","weekatthelabs",47
"420","NOAAFisheries","whatyoucando",47
"421","NOAAHabitat","resiliency",47
"422","NOAAResearch","funfactfriday",47
"423","NOAAFish_WCRO","pugetsound",46
"424","NOAAFisheries","wfmd2016",46
"425","NOAAHabitat","fish",46
"426","NOAAResearch","nssl",46
"427","NOAAFish_WCRO","whalewednesday",45
"428","NOAAFisheries","whalewednesday",45
"429","NOAAResearch","nationalfarmersday",45
"430","NOAAFish_WCRO","cop21",44
"431","NOAAFish_WCRO","wa",44
"432","NOAAHabitat","seafood",44
"433","NOAAResearch","gulfofmexico",44
"434","NOAAResearch","halloween",44
"435","NOAAResearch","noaaopenhouse",44
"436","NOAAFisheries","estuaries",43
"437","NOAAFisheries","sharetheshore",43
"438","NOAAResearch","coastal",43
"439","NOAA","educators",42
"440","NOAA","hawaiianislands",42
"441","NOAA","marinedebris",42
"442","NOAA","whale",42
"443","NOAAFisheries","hawaiianislands",42
"444","NOAAFisheries","worldfishmigrationday",42
"445","NOAAResearch","lakeeffect",42
"446","NOAAResearch","silverspring",42
"447","NOAA","winteriscoming",41
"448","NOAAResearch","gmd",41
"449","NOAAResearch","ozone",41
"450","NOAA","estuariesweek",40
"451","NOAAFish_WCRO","citizenofyourwatershed",40
"452","NOAAHabitat","estuary",40
"453","NOAAHabitat","ocean",40
"454","NOAAResearch","esrl",40
"455","NOAAResearch","happynewyear2018",40
"456","NOAAResearch","labs",40
"457","NOAAResearch","noaaresearch",40
"458","NOAA","droughts",39
"459","NOAA","famine",39
"460","NOAAFisheries","atlantic",39
"461","NOAAHabitat","chesbay",39
"462","NOAAResearch","ecosystem",39
"463","NOAAResearch","land",39
"464","NOAA","featurefriday",38
"465","NOAA","onthisday",38
"466","NOAAFish_WCRO","marinedebris",38
"467","NOAAFisheries","holidays",38
"468","NOAAFisheries","oilspill",38
"469","NOAAFisheries","seagrant50",38
"470","NOAAFisheries","wildlife",38
"471","NOAAResearch","h20",38
"472","NOAAResearch","sbir",38
"473","NOAAResearch","scientists",38
"474","NOAA","california",37
"475","NOAA","fires",37
"476","NOAAFish_WCRO","blueeconomy",37
"477","NOAAFish_WCRO","recfishing",37
"478","NOAAFish_WCRO","s",37
"479","NOAAFish_WCRO","worldoceanday",37
"480","NOAAFisheries","oceanfactfriday",37
"481","NOAAFisheries","worldoceansdaychat",37
"482","NOAAHabitat","earthday",37
"483","NOAAResearch","nationalseafoodmonth",37
"484","NOAAResearch","noaascholars",37
"485","NOAA","corals",36
"486","NOAA","halloween",36
"487","NOAAFish_WCRO","eugene",36
"488","NOAAFisheries","akfishfood",36
"489","NOAAHabitat","terrapins",36
"490","NOAAResearch","marinedebris",36
"491","NOAAResearch","owaq",36
"492","NOAAResearch","pollution",36
"493","NOAAResearch","sea",36
"494","NOAA","cyclones",35
"495","NOAA","harvey",35
"496","NOAAFish_WCRO","msa40",35
"497","NOAAFisheries","northeast",35
"498","NOAAResearch","fbf",35
"499","NOAAResearch","resilience",35
"500","NOAAResearch","satellite",35
"501","NOAAResearch","tornado",35
"502","NOAA","earthisblue",34
"503","NOAA","montana",34
"504","NOAA","seals",34
"505","NOAA","southdakota",34
"506","NOAAFish_WCRO","endangeredspecies",34
"507","NOAAFish_WCRO","soundcheck",34
"508","NOAAFish_WCRO","teachers",34
"509","NOAAFish_WCRO","washington",34
"510","NOAAFish_WCRO","whiteabalone",34
"511","NOAAHabitat","conservation",34
"512","NOAAHabitat","worldwetlandsday",34
"513","NOAAResearch","arcticreportcard",34
"514","NOAAResearch","bestnine2017",34
"515","NOAAResearch","fellowship",34
"516","NOAAResearch","tools",34
"517","NOAAResearch","tsunami",34
"518","NOAAResearch","uas",34
"519","NOAAResearch","watersprouts",34
"520","NOAAFisheries","noaasharkweek",33
"521","NOAAHabitat","deepwater",33
"522","NOAAResearch","earthquake",33
"523","NOAAFish_WCRO","resilience",32
"524","NOAAFisheries","noaaday",32
"525","NOAAFisheries","teachers",32
"526","NOAAFisheries","terrapins",32
"527","NOAAFisheries","veteransday",32
"528","NOAAHabitat","deepsea",32
"529","NOAAResearch","floods",32
"530","NOAAResearch","smallbiz",32
"531","NOAAResearch","southpole",32
"532","NOAAResearch","sustainability",32
"533","NOAAFish_WCRO","climatedata",31
"534","NOAAFish_WCRO","monkseals",31
"535","NOAAFish_WCRO","oregoncoast",31
"536","NOAAFish_WCRO","wfmd2016",31
"537","NOAAFish_WCRO","yoms2017",31
"538","NOAAFisheries","fishery",31
"539","NOAAFisheries","seaturtles",31
"540","NOAAHabitat","wfmd2016",31
"541","NOAAResearch","agriculture",31
"542","NOAAResearch","fisheries",31
"543","NOAAResearch","jisao",31
"544","NOAAResearch","mping",31
"545","NOAAResearch","wind",31
"546","NOAA","fishwatchfriday",30
"547","NOAA","gis",30
"548","NOAAFish_WCRO","infografiasemarnat",30
"549","NOAAFish_WCRO","mã©xico",30
"550","NOAAFish_WCRO","oilspill",30
"551","NOAAFisheries","restoration",30
"552","NOAAFisheries","snow",30
"553","NOAAHabitat","fisheries",30
"554","NOAAResearch","energy",30
"555","NOAAResearch","expedition",30
"556","NOAAResearch","instagram",30
"557","NOAA","autumn",29
"558","NOAA","dyk",29
"559","NOAA","jpss",29
"560","NOAAFish_WCRO","enviroliteracy",29
"561","NOAAFish_WCRO","water",29
"562","NOAAFisheries","deepsea",29
"563","NOAAFisheries","mybrotherskeeper",29
"564","NOAAResearch","observations",29
"565","NOAAResearch","waybackwednesday",29
"566","NOAAResearch","wrn",29
"567","NOAA","fishing",28
"568","NOAAFish_WCRO","centralvalley",28
"569","NOAAFish_WCRO","esday",28
"570","NOAAFish_WCRO","newdiscovery",28
"571","NOAAFish_WCRO","opah",28
"572","NOAAFish_WCRO","tacklingbycatch",28
"573","NOAAFisheries","salmonchat",28
"574","NOAAFisheries","turtle",28
"575","NOAAHabitat","esday",28
"576","NOAAResearch","americanwest",28
"577","NOAAResearch","atmospheric",28
"578","NOAAResearch","educators",28
"579","NOAAResearch","extremes",28
"580","NOAAResearch","hailstones",28
"581","NOAAResearch","icymi",28
"582","NOAA","firsdayoffall",27
"583","NOAA","pumpkinspice",27
"584","NOAAFish_WCRO","ca",27
"585","NOAAFisheries","corals",27
"586","NOAAFisheries","ifishsaltwater",27
"587","NOAAHabitat","eagle",27
"588","NOAAResearch","best9",27
"589","NOAAResearch","bestnine",27
"590","NOAAResearch","gsd",27
"591","NOAAResearch","hawaii",27
"592","NOAAResearch","lives",27
"593","NOAAResearch","oarbestnine",27
"594","NOAAResearch","property",27
"595","NOAAResearch","severestorm",27
"596","NOAAResearch","storm",27
"597","NOAA","forecasts",26
"598","NOAA","scholarship",26
"599","NOAAFish_WCRO","art",26
"600","NOAAFish_WCRO","keepwildwild",26
"601","NOAAFish_WCRO","sockeye",26
"602","NOAAFisheries","humpbackwhale",26
"603","NOAAFisheries","longisland",26
"604","NOAAFisheries","marmam15",26
"605","NOAAFisheries","stpatricksday",26
"606","NOAAHabitat","endangered",26
"607","NOAAHabitat","grealakes",26
"608","NOAAHabitat","resilience",26
"609","NOAAResearch","arl",26
"610","NOAAResearch","coralreef",26
"611","NOAAResearch","coralreefs",26
"612","NOAAResearch","logbooks",26
"613","NOAAResearch","seagrant",26
"614","NOAAResearch","socialscience",26
"615","NOAAResearch","universityofwashington",26
"616","NOAA","okeanosexplorer",25
"617","NOAAFish_WCRO","co2",25
"618","NOAAFisheries","bluecarbon",25
"619","NOAAFisheries","educators",25
"620","NOAAFisheries","federalservice",25
"621","NOAAFisheries","internationalweek",25
"622","NOAAFisheries","research",25
"623","NOAAFisheries","whiteabalone",25
"624","NOAAHabitat","dyk",25
"625","NOAAHabitat","santabarbaraoilspill",25
"626","NOAAResearch","flooding",25
"627","NOAAResearch","tornadoes",25
"628","NOAAResearch","warnings",25
"629","NOAA","chesapeakebay",24
"630","NOAA","gift",24
"631","NOAA","giftideas",24
"632","NOAA","jellyfish",24
"633","NOAA","peace",24
"634","NOAAFish_WCRO","marine",24
"635","NOAAFisheries","alaskaiceseals",24
"636","NOAAFisheries","citescop17",24
"637","NOAAFisheries","nautilus",24
"638","NOAAFisheries","resiliency",24
"639","NOAAFisheries","sharkweeknoaa",24
"640","NOAAFisheries","sustainable",24
"641","NOAAHabitat","wfmd16",24
"642","NOAAResearch","colorado",24
"643","NOAAResearch","didyouknow",24
"644","NOAAResearch","gift",24
"645","NOAAResearch","giftideas",24
"646","NOAAResearch","hi",24
"647","NOAAResearch","indonesia",24
"648","NOAAResearch","peace",24
"649","NOAAResearch","programs",24
"650","NOAAResearch","safetyfirst",24
"651","NOAAResearch","students",24
"652","NOAAResearch","technology",24
"653","NOAA","hawaii",23
"654","NOAAFish_WCRO","arctic",23
"655","NOAAFish_WCRO","free",23
"656","NOAAFish_WCRO","salmonstorybook",23
"657","NOAAFish_WCRO","shellfish",23
"658","NOAAFisheries","womenshistorymonth",23
"659","NOAAHabitat","chesapeakebay",23
"660","NOAAResearch","buoy",23
"661","NOAAResearch","corals",23
"662","NOAAResearch","cpo",23
"663","NOAAResearch","globalmonitoring",23
"664","NOAAResearch","snowpack",23
"665","NOAAResearch","winterweather",23
"666","NOAA","undergraduate",22
"667","NOAAFish_WCRO","bycatch",22
"668","NOAAFisheries","undergraduate",22
"669","NOAAHabitat","livingshorelines",22
"670","NOAAHabitat","technologyweek",22
"671","NOAAResearch","barrow",22
"672","NOAAResearch","csd",22
"673","NOAAResearch","diversity",22
"674","NOAAResearch","prediction",22
"675","NOAAResearch","seafood",22
"676","NOAAResearch","undergraduate",22
"677","NOAAFish_WCRO","agu13",21
"678","NOAAFish_WCRO","arcticreportcard",21
"679","NOAAFish_WCRO","oregon",21
"680","NOAAFisheries","childrenspool",21
"681","NOAAFisheries","icrs2016",21
"682","NOAAFisheries","pugetsound",21
"683","NOAAHabitat","dolphin",21
"684","NOAAHabitat","video",21
"685","NOAAResearch","air",21
"686","NOAAResearch","antarctica",21
"687","NOAAResearch","atlantic",21
"688","NOAAResearch","fv3",21
"689","NOAA","ecology",20
"690","NOAA","habitat",20
"691","NOAA","whitechristmas",20
"692","NOAAFish_WCRO","photooftheweek",20
"693","NOAAFisheries","eastcoast",20
"694","NOAAFisheries","ecology",20
"695","NOAAFisheries","forecast",20
"696","NOAAFisheries","humpback",20
"697","NOAAFisheries","osu",20
"698","NOAAFisheries","oysters",20
"699","NOAAFisheries","restore25",20
"700","NOAAFisheries","salmonstorybook",20
"701","NOAAFisheries","scienceatsea",20
"702","NOAAFisheries","seaturtleweek2016",20
"703","NOAAFisheries","umd",20
"704","NOAAHabitat","abalone",20
"705","NOAAHabitat","aquacultureweek",20
"706","NOAAHabitat","cuba",20
"707","NOAAHabitat","ecology",20
"708","NOAAHabitat","guam",20
"709","NOAAResearch","activities",20
"710","NOAAResearch","co",20
"711","NOAAResearch","invasivespecies",20
"712","NOAA","ozone",19
"713","NOAAFish_WCRO","aquaculture",19
"714","NOAAFisheries","deepwaterhorizon",19
"715","NOAAFisheries","dyk",19
"716","NOAAFisheries","saltwater",19
"717","NOAAFisheries","whchampions",19
"718","NOAAHabitat","alaska",19
"719","NOAAHabitat","bluecarbon",19
"720","NOAAResearch","forecasting",19
"721","NOAAResearch","hail",19
"722","NOAAResearch","ice",19
"723","NOAAResearch","icecover",19
"724","NOAAResearch","newsyoucanuse",19
"725","NOAAResearch","oceanexploration",19
"726","NOAAResearch","oceans",19
"727","NOAAResearch","sanctuaries",19
"728","NOAAResearch","seas",19
"729","NOAAResearch","weatherready",19
"730","NOAA","recipe",18
"731","NOAAFish_WCRO","dolphins",18
"732","NOAAFish_WCRO","oleinaction",18
"733","NOAAFisheries","corps",18
"734","NOAAFisheries","happyhalloween",18
"735","NOAAFisheries","leatherback",18
"736","NOAAFisheries","recipe",18
"737","NOAAHabitat","corps",18
"738","NOAAHabitat","oyster",18
"739","NOAAResearch","31daysofsg",18
"740","NOAAResearch","aoml",18
"741","NOAAResearch","aviation",18
"742","NOAAResearch","region",18
"743","NOAAResearch","teachers",18
"744","NOAAResearch","tech",18
"745","NOAAFish_WCRO","esa40",17
"746","NOAAFish_WCRO","fishmigration",17
"747","NOAAFisheries","ama",17
"748","NOAAFisheries","rossseampa",17
"749","NOAAFisheries","seagrantwater",17
"750","NOAAFisheries","tigershark",17
"751","NOAAFisheries","womeninscience",17
"752","NOAAHabitat","gulfofmexico",17
"753","NOAAHabitat","shrimp",17
"754","NOAAResearch","acidification",17
"755","NOAAResearch","global",17
"756","NOAAResearch","oceanfactfriday",17
"757","NOAAResearch","teach4climate",17
"758","NOAAResearch","worldfoodday",17
"759","NOAAFish_WCRO","technologyweek",16
"760","NOAAFisheries","birdyearpics",16
"761","NOAAFisheries","coralreef",16
"762","NOAAFisheries","noaafish_garfo",16
"763","NOAAFisheries","teach4climate",16
"764","NOAAHabitat","coralreefs",16
"765","NOAAHabitat","elwha",16
"766","NOAAResearch","exhibits",16
"767","NOAAResearch","flashbackfriday",16
"768","NOAAResearch","forecasters",16
"769","NOAAResearch","health",16
"770","NOAAResearch","internship",16
"771","NOAAResearch","panama",16
"772","NOAAResearch","pilots",16
"773","NOAAResearch","predict",16
"774","NOAAResearch","presentations",16
"775","NOAAResearch","professionaldevelopment",16
"776","NOAAResearch","seawater",16
"777","NOAAResearch","temp",16
"778","NOAAResearch","texas",16
"779","NOAAResearch","weatherdata",16
"780","NOAA","ams2018",15
"781","NOAA","fisheries",15
"782","NOAA","internationalweek",15
"783","NOAAFish_WCRO","alemania",15
"784","NOAAFish_WCRO","bc",15
"785","NOAAFish_WCRO","dyk",15
"786","NOAAFish_WCRO","earthisblue",15
"787","NOAAFish_WCRO","eeuu",15
"788","NOAAFish_WCRO","golfodecalifornia",15
"789","NOAAFish_WCRO","inglaterra",15
"790","NOAAFish_WCRO","whaleweek",15
"791","NOAAFisheries","antibodies",15
"792","NOAAFisheries","lautenberg",15
"793","NOAAFisheries","pollutants",15
"794","NOAAFisheries","rearing",15
"795","NOAAFisheries","recipes",15
"796","NOAAFisheries","s",15
"797","NOAAFisheries","scientists",15
"798","NOAAFisheries","sharks",15
"799","NOAAHabitat","bp",15
"800","NOAAHabitat","lautenberg",15
"801","NOAAHabitat","maine",15
"802","NOAAHabitat","pugetsound",15
"803","NOAAResearch","agu17",15
"804","NOAAResearch","anniversary",15
"805","NOAAResearch","crosswordpuzzleday",15
"806","NOAAResearch","kingtides",15
"807","NOAAResearch","loggerhead",15
"808","NOAAResearch","monitoring",15
"809","NOAAResearch","ozonehole",15
"810","NOAAResearch","sealevelrise",15
"811","NOAAResearch","smallbusiness",15
"812","NOAAResearch","wishlist",15
"813","NOAA","oysters",14
"814","NOAAFish_WCRO","askuscenter",14
"815","NOAAFish_WCRO","california",14
"816","NOAAFish_WCRO","shark",14
"817","NOAAFisheries","fishermen",14
"818","NOAAFisheries","holiday",14
"819","NOAAFisheries","hurricanmatthew",14
"820","NOAAFisheries","iceseal2016",14
"821","NOAAFisheries","stars",14
"822","NOAAFisheries","worldtourismday",14
"823","NOAAFisheries","worldturtleday",14
"824","NOAAHabitat","barataria",14
"825","NOAAHabitat","california",14
"826","NOAAHabitat","glri",14
"827","NOAAHabitat","hurricanmatthew",14
"828","NOAAHabitat","louisiana",14
"829","NOAAHabitat","michigan",14
"830","NOAAHabitat","noaatop5",14
"831","NOAAHabitat","recreation",14
"832","NOAAHabitat","turtles",14
"833","NOAAResearch","behavioral",14
"834","NOAAResearch","cis",14
"835","NOAAResearch","currents",14
"836","NOAAResearch","dataset",14
"837","NOAAResearch","epirata",14
"838","NOAAResearch","factfriday",14
"839","NOAAResearch","hurricanehunters",14
"840","NOAAResearch","improve",14
"841","NOAAResearch","meteorologist",14
"842","NOAAResearch","moon",14
"843","NOAAResearch","mountains",14
"844","NOAAResearch","nasa",14
"845","NOAAResearch","navy",14
"846","NOAAResearch","noaaplanetstewards",14
"847","NOAAResearch","onthisday",14
"848","NOAAResearch","pirata",14
"849","NOAAResearch","salinity",14
"850","NOAAResearch","sampling",14
"851","NOAAResearch","severeweather",14
"852","NOAAResearch","social",14
"853","NOAAResearch","spring",14
"854","NOAAResearch","sunrise",14
"855","NOAAResearch","tropical",14
"856","NOAAResearch","west",14
"857","NOAA","cpc",13
"858","NOAA","halloween2017",13
"859","NOAA","nws",13
"860","NOAAFish_WCRO","cadrought",13
"861","NOAAFish_WCRO","internationalweek",13
"862","NOAAFish_WCRO","seattle",13
"863","NOAAFisheries","arctic",13
"864","NOAAFisheries","cetaceans",13
"865","NOAAFisheries","economics",13
"866","NOAAFisheries","hawaii",13
"867","NOAAFisheries","nationalfishingandboatingweek",13
"868","NOAAFisheries","reefs",13
"869","NOAAHabitat","crab",13
"870","NOAAHabitat","ma",13
"871","NOAAResearch","arcticprogram",13
"872","NOAAResearch","celestial",13
"873","NOAAResearch","climatevariations",13
"874","NOAAResearch","daguerreotype",13
"875","NOAAResearch","deepsea",13
"876","NOAAResearch","designofthefuture",13
"877","NOAAResearch","development",13
"878","NOAAResearch","europe",13
"879","NOAAResearch","forests",13
"880","NOAAResearch","happynewyear",13
"881","NOAAResearch","marc",13
"882","NOAAResearch","observingsystem",13
"883","NOAAResearch","oceanclimate",13
"884","NOAAResearch","oysters",13
"885","NOAAResearch","partnerships",13
"886","NOAAResearch","severewx101",13
"887","NOAAResearch","tbt",13
"888","NOAAResearch","tropicalatlantic",13
"889","NOAAResearch","weathermansday",13
"890","NOAAResearch","weatherperson",13
"891","NOAAResearch","world",13
"892","NOAAFish_WCRO","abalone",12
"893","NOAAFish_WCRO","estuariesweek",12
"894","NOAAFish_WCRO","spotlightspecies",12
"895","NOAAFisheries","didyouknow",12
"896","NOAAFisheries","happy2017",12
"897","NOAAFisheries","happyhalloween17",12
"898","NOAAFisheries","marinedebris10yr",12
"899","NOAAFisheries","naturalresources",12
"900","NOAAFisheries","sustainability",12
"901","NOAAHabitat","gbr",12
"902","NOAAResearch","aircore",12
"903","NOAAResearch","boulder",12
"904","NOAAResearch","buoys",12
"905","NOAAResearch","civilwar",12
"906","NOAAResearch","dart",12
"907","NOAAResearch","deepwater",12
"908","NOAAResearch","fishwatchfriday",12
"909","NOAAResearch","fl",12
"910","NOAAResearch","forecast",12
"911","NOAAResearch","gom2017",12
"912","NOAAResearch","h2o",12
"913","NOAAResearch","hwrf",12
"914","NOAAResearch","lab",12
"915","NOAAResearch","lakemichigan",12
"916","NOAAResearch","maryland",12
"917","NOAAResearch","minnesota",12
"918","NOAAResearch","northatlantic",12
"919","NOAAResearch","ripcurrents",12
"920","NOAAResearch","satellites",12
"921","NOAAResearch","sky",12
"922","NOAA","winterweather",11
"923","NOAAFish_WCRO","boeing",11
"924","NOAAFisheries","siphonophore",11
"925","NOAAFisheries","vaquita",11
"926","NOAAHabitat","2014cleanup",11
"927","NOAAHabitat","beautiful",11
"928","NOAAHabitat","climatechange",11
"929","NOAAHabitat","invasivespecies",11
"930","NOAAHabitat","irma",11
"931","NOAAHabitat","pmel",11
"932","NOAAHabitat","webinar",11
"933","NOAAResearch","climateprogramoffice",11
"934","NOAAResearch","economy",11
"935","NOAAResearch","etd",11
"936","NOAAResearch","exploration",11
"937","NOAAResearch","famine",11
"938","NOAAResearch","funfacts",11
"939","NOAAResearch","meteorological",11
"940","NOAAResearch","niwotridge",11
"941","NOAAResearch","surface",11
"942","NOAAResearch","throwback",11
"943","NOAAResearch","turtles",11
"944","NOAAResearch","waterlevels",11
"945","NOAA","nceiatams",10
"946","NOAAFish_WCRO","4thofjuly",10
"947","NOAAFish_WCRO","drone",10
"948","NOAAFish_WCRO","gopro",10
"949","NOAAFish_WCRO","labordayonthewater",10
"950","NOAAFish_WCRO","marinereserves",10
"951","NOAAFish_WCRO","orcas",10
"952","NOAAFisheries","bluecrabs",10
"953","NOAAFisheries","deepseadive",10
"954","NOAAFisheries","globalrecord",10
"955","NOAAFisheries","iuu",10
"956","NOAAFisheries","killerwhales",10
"957","NOAAFisheries","lonelyabalone",10
"958","NOAAFisheries","marinedebris",10
"959","NOAAFisheries","nfwfgrants",10
"960","NOAAFisheries","oyster",10
"961","NOAAFisheries","paciscetaceans",10
"962","NOAAFisheries","seals",10
"963","NOAAFisheries","thankfulthursday",10
"964","NOAAFisheries","us",10
"965","NOAAFisheries","valentines",10
"966","NOAAFisheries","yoms2017",10
"967","NOAAHabitat","barnacles",10
"968","NOAAHabitat","bluecrabs",10
"969","NOAAHabitat","chesapeake",10
"970","NOAAHabitat","crinoids",10
"971","NOAAHabitat","drone",10
"972","NOAAHabitat","hawaii",10
"973","NOAAHabitat","icrs2016",10
"974","NOAAHabitat","sfbay",10
"975","NOAAHabitat","wa",10
"976","NOAAHabitat","worldfishmigrationday",10
"977","NOAAResearch","50years",10
"978","NOAAResearch","airsamples",10
"979","NOAAResearch","ak",10
"980","NOAAResearch","alaska",10
"981","NOAAResearch","basics",10
"982","NOAAResearch","carbon",10
"983","NOAAResearch","clean",10
"984","NOAAResearch","historic",10
"985","NOAAResearch","ia",10
"986","NOAAResearch","jetstream",10
"987","NOAAResearch","recipes",10
"988","NOAAResearch","santacruz",10
"989","NOAAResearch","twitter",10
"990","NOAAResearch","volcanoes",10
"991","NOAAResearch","waterfall",10
"992","NOAAResearch","winteriscoming",10
"993","NOAAFish_WCRO","fishpassage",9
"994","NOAAFish_WCRO","me",9
"995","NOAAFisheries","askascientist",9
"996","NOAAFisheries","can",9
"997","NOAAFisheries","climateadaption",9
"998","NOAAFisheries","closure",9
"999","NOAAFisheries","deepseatv17",9
"1000","NOAAFisheries","esa",9
"1001","NOAAFisheries","narw",9
"1002","NOAAFisheries","noaaopenhouse",9
"1003","NOAAFisheries","noaascienceak",9
"1004","NOAAFisheries","noaasummittosea",9
"1005","NOAAFisheries","stem",9
"1006","NOAAHabitat","askascientist",9
"1007","NOAAHabitat","bpoilspill",9
"1008","NOAAHabitat","earthdaynoaa",9
"1009","NOAAHabitat","puertorico",9
"1010","NOAAHabitat","science",9
"1011","NOAAHabitat","whatyoucando",9
"1012","NOAAResearch","applynow",9
"1013","NOAAResearch","atom",9
"1014","NOAAResearch","bestphotos2017",9
"1015","NOAAResearch","bestposts2017",9
"1016","NOAAResearch","chemistry",9
"1017","NOAAResearch","cleanair",9
"1018","NOAAResearch","endangeredspeciesact",9
"1019","NOAAResearch","explore",9
"1020","NOAAResearch","facebook",9
"1021","NOAAResearch","grammin",9
"1022","NOAAResearch","lakes",9
"1023","NOAAResearch","mapping",9
"1024","NOAAResearch","microbiome",9
"1025","NOAAResearch","microscopic",9
"1026","NOAAResearch","modelers",9
"1027","NOAAResearch","photooftheday",9
"1028","NOAAResearch","pipa",9
"1029","NOAAResearch","population",9
"1030","NOAAResearch","psd",9
"1031","NOAAResearch","sciencesaturday",9
"1032","NOAAResearch","sealevel",9
"1033","NOAAResearch","soil",9
"1034","NOAAResearch","tpos",9
"1035","NOAAResearch","utah",9
"1036","NOAA","nsta17",8
"1037","NOAAFish_WCRO","contest",8
"1038","NOAAFish_WCRO","nationalrichterscaleday",8
"1039","NOAAFish_WCRO","strandings",8
"1040","NOAAFish_WCRO","wildlife",8
"1041","NOAAFisheries","chesapeakebay",8
"1042","NOAAFisheries","coralbleaching",8
"1043","NOAAFisheries","coralreefs",8
"1044","NOAAFisheries","greatlakes",8
"1045","NOAAFisheries","michigan",8
"1046","NOAAFisheries","nationalemojiday",8
"1047","NOAAFisheries","noaascholars",8
"1048","NOAAFisheries","scallop",8
"1049","NOAAFisheries","scallopsoncamera",8
"1050","NOAAFisheries","toptweets2016",8
"1051","NOAAFisheries","worldseaturtleday",8
"1052","NOAAHabitat","cuteanimaltweetoff",8
"1053","NOAAHabitat","swamp",8
"1054","NOAAHabitat","wetlandwednesday",8
"1055","NOAAResearch","23days",8
"1056","NOAAResearch","airpollution",8
"1057","NOAAResearch","aquatic",8
"1058","NOAAResearch","biological",8
"1059","NOAAResearch","california",8
"1060","NOAAResearch","carve",8
"1061","NOAAResearch","community",8
"1062","NOAAResearch","disasters",8
"1063","NOAAResearch","ecologically",8
"1064","NOAAResearch","economically",8
"1065","NOAAResearch","educate",8
"1066","NOAAResearch","environmental",8
"1067","NOAAResearch","environmentally",8
"1068","NOAAResearch","faqs",8
"1069","NOAAResearch","foodweb",8
"1070","NOAAResearch","haiku",8
"1071","NOAAResearch","india",8
"1072","NOAAResearch","lostyears",8
"1073","NOAAResearch","noaa42",8
"1074","NOAAResearch","noaasbir",8
"1075","NOAAResearch","oarbestnine2017",8
"1076","NOAAResearch","observation",8
"1077","NOAAResearch","oceanic",8
"1078","NOAAResearch","offshore",8
"1079","NOAAResearch","response",8
"1080","NOAAResearch","seaweeds",8
"1081","NOAAResearch","teaching4climate",8
"1082","NOAAResearch","thoughtfulthu",8
"1083","NOAAResearch","vortexse",8
"1084","NOAAResearch","watches",8
"1085","NOAAResearch","watchlive",8
"1086","NOAAResearch","weathersafety",8
"1087","NOAAFish_WCRO","fishery",7
"1088","NOAAFish_WCRO","haiku",7
"1089","NOAAFish_WCRO","noaaship",7
"1090","NOAAFish_WCRO","wildlifewild",7
"1091","NOAAFisheries","agriculture",7
"1092","NOAAFisheries","california",7
"1093","NOAAFisheries","climateleaders",7
"1094","NOAAFisheries","green",7
"1095","NOAAFisheries","hiceas2017",7
"1096","NOAAFisheries","invasivespeciesweek",7
"1097","NOAAFisheries","livingshorelines",7
"1098","NOAAFisheries","pmnm",7
"1099","NOAAFisheries","portstatemeasuresagreement",7
"1100","NOAAFisheries","seattle",7
"1101","NOAAFisheries","sharkscience",7
"1102","NOAAFisheries","usa",7
"1103","NOAAFisheries","worldpoetryday",7
"1104","NOAAHabitat","agriculture",7
"1105","NOAAHabitat","beforeafter",7
"1106","NOAAHabitat","choptank",7
"1107","NOAAHabitat","dwhdolphins",7
"1108","NOAAHabitat","endangeredspeciesday",7
"1109","NOAAHabitat","floridakeys",7
"1110","NOAAHabitat","kachemak",7
"1111","NOAAHabitat","oceanplanning",7
"1112","NOAAHabitat","oceans",7
"1113","NOAAHabitat","oysters",7
"1114","NOAAHabitat","photocontest",7
"1115","NOAAHabitat","seattle",7
"1116","NOAAHabitat","twinports",7
"1117","NOAAHabitat","willametteriver",7
"1118","NOAAHabitat","worldwaterday",7
"1119","NOAAResearch","airresourceslab",7
"1120","NOAAResearch","americansamoa",7
"1121","NOAAResearch","arcgis",7
"1122","NOAAResearch","behavior",7
"1123","NOAAResearch","brazilian",7
"1124","NOAAResearch","ca",7
"1125","NOAAResearch","canadian",7
"1126","NOAAResearch","chemicalsciences",7
"1127","NOAAResearch","climateliteracy",7
"1128","NOAAResearch","cyclone",7
"1129","NOAAResearch","droughts",7
"1130","NOAAResearch","economic",7
"1131","NOAAResearch","economics",7
"1132","NOAAResearch","elniã±o",7
"1133","NOAAResearch","experts",7
"1134","NOAAResearch","fallsafety",7
"1135","NOAAResearch","february2018",7
"1136","NOAAResearch","fieldworkm",7
"1137","NOAAResearch","fish",7
"1138","NOAAResearch","funfact",7
"1139","NOAAResearch","galwaystatement",7
"1140","NOAAResearch","georgia",7
"1141","NOAAResearch","graphics",7
"1142","NOAAResearch","happyhalloween2017",7
"1143","NOAAResearch","hightides",7
"1144","NOAAResearch","icebreakers",7
"1145","NOAAResearch","icecharts",7
"1146","NOAAResearch","icemaps",7
"1147","NOAAResearch","iceyear",7
"1148","NOAAResearch","maunaloa",7
"1149","NOAAResearch","midatlanticbight",7
"1150","NOAAResearch","nationalbirdday",7
"1151","NOAAResearch","nationalicecenter",7
"1152","NOAAResearch","noaaheritageweek",7
"1153","NOAAResearch","oceanacidificaion",7
"1154","NOAAResearch","ourchangingocean",7
"1155","NOAAResearch","pa",7
"1156","NOAAResearch","pacific",7
"1157","NOAAResearch","pennsylvania",7
"1158","NOAAResearch","photos",7
"1159","NOAAResearch","plankton",7
"1160","NOAAResearch","pollutants",7
"1161","NOAAResearch","researchers",7
"1162","NOAAResearch","since1979",7
"1163","NOAAResearch","sos",7
"1164","NOAAResearch","southatlanticbight",7
"1165","NOAAResearch","strategy",7
"1166","NOAAResearch","t2",7
"1167","NOAAResearch","temperature",7
"1168","NOAAResearch","themoreyouknow",7
"1169","NOAAResearch","whitechristmas",7
"1170","NOAAResearch","wilma",7
"1171","NOAAResearch","winterholiday",7
"1172","NOAA","whereintheworld",6
"1173","NOAAFish_WCRO","cetaceans",6
"1174","NOAAFish_WCRO","math",6
"1175","NOAAFish_WCRO","mathatsea",6
"1176","NOAAFish_WCRO","newshourchats",6
"1177","NOAAFish_WCRO","nps100",6
"1178","NOAAFish_WCRO","oer",6
"1179","NOAAFish_WCRO","photofriday",6
"1180","NOAAFish_WCRO","recovery",6
"1181","NOAAFish_WCRO","savewhiteabalone",6
"1182","NOAAFish_WCRO","scienceatsea",6
"1183","NOAAFisheries","akcrabgrowthstudy",6
"1184","NOAAFisheries","atlanticsalmon",6
"1185","NOAAFisheries","blackseabass",6
"1186","NOAAFisheries","bluefish",6
"1187","NOAAFisheries","camera",6
"1188","NOAAFisheries","coscobusan",6
"1189","NOAAFisheries","dc",6
"1190","NOAAFisheries","dispatchesfromthefieldak",6
"1191","NOAAFisheries","eu",6
"1192","NOAAFisheries","flounder",6
"1193","NOAAFisheries","funfactfriday",6
"1194","NOAAFisheries","gillnets",6
"1195","NOAAFisheries","happynewyear",6
"1196","NOAAFisheries","hawksbill",6
"1197","NOAAFisheries","iceland",6
"1198","NOAAFisheries","math",6
"1199","NOAAFisheries","mathatsea",6
"1200","NOAAFisheries","scallops",6
"1201","NOAAFisheries","scup",6
"1202","NOAAFisheries","sfbay",6
"1203","NOAAFisheries","silverspring",6
"1204","NOAAFisheries","snowshoe",6
"1205","NOAAFisheries","snowy",6
"1206","NOAAFisheries","spain",6
"1207","NOAAFisheries","unfao",6
"1208","NOAAHabitat","beluga",6
"1209","NOAAHabitat","coscobusan",6
"1210","NOAAHabitat","gulf",6
"1211","NOAAHabitat","hurricane",6
"1212","NOAAHabitat","katrina10",6
"1213","NOAAHabitat","md",6
"1214","NOAAHabitat","miami",6
"1215","NOAAHabitat","minnesota",6
"1216","NOAAHabitat","noaaresilience",6
"1217","NOAAHabitat","penobscot",6
"1218","NOAAHabitat","resilientlandsandwaters",6
"1219","NOAAHabitat","wisconsin",6
"1220","NOAAResearch","animals",6
"1221","NOAAResearch","astronomical",6
"1222","NOAAResearch","blizzard",6
"1223","NOAAResearch","century",6
"1224","NOAAResearch","commerce",6
"1225","NOAAResearch","cowx",6
"1226","NOAAResearch","coyoteuas",6
"1227","NOAAResearch","delicious",6
"1228","NOAAResearch","easternus",6
"1229","NOAAResearch","elnino",6
"1230","NOAAResearch","falkor",6
"1231","NOAAResearch","fishers",6
"1232","NOAAResearch","fridayfact",6
"1233","NOAAResearch","galapagos",6
"1234","NOAAResearch","globalsealevel",6
"1235","NOAAResearch","hellowinter",6
"1236","NOAAResearch","hmsbeagle",6
"1237","NOAAResearch","increased",6
"1238","NOAAResearch","information",6
"1239","NOAAResearch","jamiboettcher",6
"1240","NOAAResearch","jianzhang",6
"1241","NOAAResearch","johnaknauss",6
"1242","NOAAResearch","kimklockow",6
"1243","NOAAResearch","latestnews",6
"1244","NOAAResearch","mpar",6
"1245","NOAAResearch","noaanssl",6
"1246","NOAAResearch","northcarolina",6
"1247","NOAAResearch","oco2",6
"1248","NOAAResearch","owlieskywarn",6
"1249","NOAAResearch","ozonesampling",6
"1250","NOAAResearch","p3",6
"1251","NOAAResearch","patrinagregory",6
"1252","NOAAResearch","phenology",6
"1253","NOAAResearch","photo",6
"1254","NOAAResearch","plants",6
"1255","NOAAResearch","radar",6
"1256","NOAAResearch","redsnapper",6
"1257","NOAAResearch","safety",6
"1258","NOAAResearch","scientific",6
"1259","NOAAResearch","security",6
"1260","NOAAResearch","service",6
"1261","NOAAResearch","shellfish",6
"1262","NOAAResearch","stewardship",6
"1263","NOAAResearch","stormsurge",6
"1264","NOAAResearch","teaching",6
"1265","NOAAResearch","teachkidstofish",6
"1266","NOAAResearch","tide",6
"1267","NOAAResearch","tonga",6
"1268","NOAAResearch","tornadosafety",6
"1269","NOAAResearch","undersea",6
"1270","NOAAResearch","water",6
"1271","NOAAResearch","westernus",6
"1272","NOAAResearch","winterstorm",6
"1273","NOAAFish_WCRO","drugs",5
"1274","NOAAFish_WCRO","ferry",5
"1275","NOAAFish_WCRO","ff",5
"1276","NOAAFish_WCRO","funfactfriday",5
"1277","NOAAFish_WCRO","idaho",5
"1278","NOAAFish_WCRO","satellite",5
"1279","NOAAFish_WCRO","sealion",5
"1280","NOAAFish_WCRO","seaturtles",5
"1281","NOAAFish_WCRO","snohomish",5
"1282","NOAAFisheries","blackhistorymonth",5
"1283","NOAAFisheries","lionfish",5
"1284","NOAAFisheries","maine",5
"1285","NOAAFisheries","newyear2018",5
"1286","NOAAFisheries","penobscot",5
"1287","NOAAFisheries","photocontest",5
"1288","NOAAFisheries","socialsciences",5
"1289","NOAAFisheries","spotlightspecies",5
"1290","NOAAFisheries","usfws",5
"1291","NOAAFisheries","wetlands",5
"1292","NOAAHabitat","backtoschool",5
"1293","NOAAHabitat","citizenday",5
"1294","NOAAHabitat","coralreef",5
"1295","NOAAHabitat","firislandfarm",5
"1296","NOAAHabitat","grants",5
"1297","NOAAHabitat","hazmat",5
"1298","NOAAHabitat","migratorybirds",5
"1299","NOAAHabitat","oakisland",5
"1300","NOAAHabitat","octopus",5
"1301","NOAAHabitat","oilspills",5
"1302","NOAAHabitat","restore",5
"1303","NOAAHabitat","saltwater",5
"1304","NOAAHabitat","snohomish",5
"1305","NOAAHabitat","terrapin",5
"1306","NOAAHabitat","veterans",5
"1307","NOAAResearch","alabama",5
"1308","NOAAResearch","algae",5
"1309","NOAAResearch","analysis",5
"1310","NOAAResearch","ars",5
"1311","NOAAResearch","asiancarp",5
"1312","NOAAResearch","atmospher",5
"1313","NOAAResearch","atmosphericriver",5
"1314","NOAAResearch","bamboocoral",5
"1315","NOAAResearch","beringsea",5
"1316","NOAAResearch","beringstraits",5
"1317","NOAAResearch","bestphotooftheweek",5
"1318","NOAAResearch","bitesizedscience",5
"1319","NOAAResearch","blizzards",5
"1320","NOAAResearch","blueribbonpanel",5
"1321","NOAAResearch","chemicalsciencesdivision",5
"1322","NOAAResearch","cics",5
"1323","NOAAResearch","cimas",5
"1324","NOAAResearch","climatescientists",5
"1325","NOAAResearch","clouds",5
"1326","NOAAResearch","crocodiles",5
"1327","NOAAResearch","database",5
"1328","NOAAResearch","datasets",5
"1329","NOAAResearch","detection",5
"1330","NOAAResearch","doyouknow",5
"1331","NOAAResearch","dwr",5
"1332","NOAAResearch","eclipse2017",5
"1333","NOAAResearch","equinox",5
"1334","NOAAResearch","explorer",5
"1335","NOAAResearch","extremeweather",5
"1336","NOAAResearch","firex",5
"1337","NOAAResearch","flashfloods",5
"1338","NOAAResearch","glerl",5
"1339","NOAAResearch","goes1",5
"1340","NOAAResearch","gulfofalaska",5
"1341","NOAAResearch","iguanas",5
"1342","NOAAResearch","insta",5
"1343","NOAAResearch","isidellatentaculum",5
"1344","NOAAResearch","islands",5
"1345","NOAAResearch","maritime",5
"1346","NOAAResearch","michigan",5
"1347","NOAAResearch","microplastic",5
"1348","NOAAResearch","movement",5
"1349","NOAAResearch","nesdis",5
"1350","NOAAResearch","noaaesrl",5
"1351","NOAAResearch","ocs",5
"1352","NOAAResearch","phoenixislands",5
"1353","NOAAResearch","podcasts",5
"1354","NOAAResearch","precipitation",5
"1355","NOAAResearch","restoration",5
"1356","NOAAResearch","rivors",5
"1357","NOAAResearch","rov",5
"1358","NOAAResearch","scallop",5
"1359","NOAAResearch","sciencemission",5
"1360","NOAAResearch","seamounts",5
"1361","NOAAResearch","seasofknowledge",5
"1362","NOAAResearch","seaturtles",5
"1363","NOAAResearch","simulations",5
"1364","NOAAResearch","solar",5
"1365","NOAAResearch","species",5
"1366","NOAAResearch","stem",5
"1367","NOAAResearch","sugarkelp",5
"1368","NOAAResearch","tropics",5
"1369","NOAAResearch","tx",5
"1370","NOAAResearch","universityofmiami",5
"1371","NOAAResearch","unmanned",5
"1372","NOAAResearch","usnavy",5
"1373","NOAAResearch","uw",5
"1374","NOAAResearch","visual",5
"1375","NOAAResearch","wa",5
"1376","NOAAResearch","washingtonstate",5
"1377","NOAAResearch","waters",5
"1378","NOAAFish_WCRO","alaska",4
"1379","NOAAFish_WCRO","collaboration",4
"1380","NOAAFish_WCRO","efh20",4
"1381","NOAAFish_WCRO","fishermen",4
"1382","NOAAFish_WCRO","henderson",4
"1383","NOAAFish_WCRO","orovilledam",4
"1384","NOAAFish_WCRO","periscope",4
"1385","NOAAFish_WCRO","recreation",4
"1386","NOAAFish_WCRO","refuge",4
"1387","NOAAFish_WCRO","reubenlasker",4
"1388","NOAAFish_WCRO","sanclementedam",4
"1389","NOAAFish_WCRO","sfbay",4
"1390","NOAAFish_WCRO","tuna",4
"1391","NOAAFish_WCRO","video",4
"1392","NOAAFish_WCRO","westcoast",4
"1393","NOAAFish_WCRO","wx",4
"1394","NOAAFisheries","biologist",4
"1395","NOAAFisheries","coastaltourism",4
"1396","NOAAFisheries","cofi",4
"1397","NOAAFisheries","dolphins",4
"1398","NOAAFisheries","expertisin",4
"1399","NOAAFisheries","fishpassage",4
"1400","NOAAFisheries","hurricanemaria",4
"1401","NOAAFisheries","kaggle",4
"1402","NOAAFisheries","leapday",4
"1403","NOAAFisheries","longreef",4
"1404","NOAAFisheries","nefsc",4
"1405","NOAAFisheries","portstatemeasures",4
"1406","NOAAFisheries","puertorico",4
"1407","NOAAFisheries","sealions",4
"1408","NOAAFisheries","smithsonian",4
"1409","NOAAFisheries","springbreak",4
"1410","NOAAFisheries","starfish",4
"1411","NOAAFisheries","sturgeon",4
"1412","NOAAFisheries","throwbackthursday",4
"1413","NOAAFisheries","tidalzone",4
"1414","NOAAFisheries","tweetsfromsea",4
"1415","NOAAHabitat","beforeandafter",4
"1416","NOAAHabitat","climate",4
"1417","NOAAHabitat","climateleaders",4
"1418","NOAAHabitat","coho",4
"1419","NOAAHabitat","crustaceanpda",4
"1420","NOAAHabitat","divers",4
"1421","NOAAHabitat","echinoderm",4
"1422","NOAAHabitat","featherstar",4
"1423","NOAAHabitat","getaroom",4
"1424","NOAAHabitat","habitatrestoration",4
"1425","NOAAHabitat","hurricanemaria",4
"1426","NOAAHabitat","longreef",4
"1427","NOAAHabitat","maryland",4
"1428","NOAAHabitat","multitasking",4
"1429","NOAAHabitat","partnerships",4
"1430","NOAAHabitat","ropos",4
"1431","NOAAHabitat","seastar",4
"1432","NOAAHabitat","seastars",4
"1433","NOAAHabitat","sturgeon",4
"1434","NOAAHabitat","watershed",4
"1435","NOAAHabitat","wx",4
"1436","NOAAResearch","45years",4
"1437","NOAAResearch","acid",4
"1438","NOAAResearch","baymap",4
"1439","NOAAResearch","benefits",4
"1440","NOAAResearch","bubblegum",4
"1441","NOAAResearch","cane",4
"1442","NOAAResearch","cassiopeia",4
"1443","NOAAResearch","climatenormals",4
"1444","NOAAResearch","continentaldivide",4
"1445","NOAAResearch","coralcomeback",4
"1446","NOAAResearch","crayfish",4
"1447","NOAAResearch","deforestation",4
"1448","NOAAResearch","dollars",4
"1449","NOAAResearch","ecodyn",4
"1450","NOAAResearch","eelgrass",4
"1451","NOAAResearch","emp",4
"1452","NOAAResearch","engineers",4
"1453","NOAAResearch","entomology",4
"1454","NOAAResearch","estuaries",4
"1455","NOAAResearch","experience",4
"1456","NOAAResearch","fishries",4
"1457","NOAAResearch","flash",4
"1458","NOAAResearch","games",4
"1459","NOAAResearch","glansis",4
"1460","NOAAResearch","glla",4
"1461","NOAAResearch","globalwarming",4
"1462","NOAAResearch","goes13",4
"1463","NOAAResearch","greenhousegas",4
"1464","NOAAResearch","hidrought",4
"1465","NOAAResearch","hotspot",4
"1466","NOAAResearch","human",4
"1467","NOAAResearch","hurricaneirma",4
"1468","NOAAResearch","hurrricanes",4
"1469","NOAAResearch","illinois",4
"1470","NOAAResearch","international",4
"1471","NOAAResearch","internationalcivilaviationday",4
"1472","NOAAResearch","invasive",4
"1473","NOAAResearch","justforkids",4
"1474","NOAAResearch","logs",4
"1475","NOAAResearch","lophelia",4
"1476","NOAAResearch","marinelife",4
"1477","NOAAResearch","marinescience",4
"1478","NOAAResearch","model",4
"1479","NOAAResearch","models",4
"1480","NOAAResearch","mussels",4
"1481","NOAAResearch","nationalfoodday",4
"1482","NOAAResearch","natural",4
"1483","NOAAResearch","newengland",4
"1484","NOAAResearch","news",4
"1485","NOAAResearch","nj",4
"1486","NOAAResearch","nonnative",4
"1487","NOAAResearch","npp",4
"1488","NOAAResearch","oceanchemistry",4
"1489","NOAAResearch","oceandata",4
"1490","NOAAResearch","ohio",4
"1491","NOAAResearch","pakistan",4
"1492","NOAAResearch","phragmites",4
"1493","NOAAResearch","physicaloceanography",4
"1494","NOAAResearch","plan",4
"1495","NOAAResearch","projections",4
"1496","NOAAResearch","projectotamar",4
"1497","NOAAResearch","respond",4
"1498","NOAAResearch","ridge",4
"1499","NOAAResearch","roseau",4
"1500","NOAAResearch","sandy",4
"1501","NOAAResearch","scienceonasphere",4
"1502","NOAAResearch","seaofdata",4
"1503","NOAAResearch","services",4
"1504","NOAAResearch","smog",4
"1505","NOAAResearch","society",4
"1506","NOAAResearch","stars",4
"1507","NOAAResearch","summers",4
"1508","NOAAResearch","suomi",4
"1509","NOAAResearch","tas",4
"1510","NOAAResearch","technicians",4
"1511","NOAAResearch","technological",4
"1512","NOAAResearch","techtransfer",4
"1513","NOAAResearch","thankyouforyourservice",4
"1514","NOAAResearch","ts",4
"1515","NOAAResearch","tychobrahe",4
"1516","NOAAResearch","ucf",4
"1517","NOAAResearch","underwater",4
"1518","NOAAResearch","universe",4
"1519","NOAAResearch","universityofcentralflorida",4
"1520","NOAAResearch","vadrought",4
"1521","NOAAResearch","variability",4
"1522","NOAAResearch","veteransday",4
"1523","NOAAResearch","videos",4
"1524","NOAAResearch","vt",4
"1525","NOAAResearch","wateerquality",4
"1526","NOAAFish_WCRO","baratariabay",3
"1527","NOAAFish_WCRO","beaver",3
"1528","NOAAFish_WCRO","coastal",3
"1529","NOAAFish_WCRO","crabs",3
"1530","NOAAFish_WCRO","crittersitting",3
"1531","NOAAFish_WCRO","flood",3
"1532","NOAAFish_WCRO","grant",3
"1533","NOAAFish_WCRO","grants",3
"1534","NOAAFish_WCRO","highco2world",3
"1535","NOAAFish_WCRO","invasivespeciesweek",3
"1536","NOAAFish_WCRO","louisiana",3
"1537","NOAAFish_WCRO","nationalseafoodmonth",3
"1538","NOAAFish_WCRO","oralhistory",3
"1539","NOAAFish_WCRO","pioneers",3
"1540","NOAAFish_WCRO","pleuroncodes",3
"1541","NOAAFish_WCRO","pup",3
"1542","NOAAFish_WCRO","recreational",3
"1543","NOAAFish_WCRO","restoration",3
"1544","NOAAFish_WCRO","sacramento",3
"1545","NOAAFish_WCRO","squid",3
"1546","NOAAFish_WCRO","trout",3
"1547","NOAAFish_WCRO","wia",3
"1548","NOAAFish_WCRO","winterfamilydays",3
"1549","NOAAFish_WCRO","winterincincy",3
"1550","NOAAFisheries","1stdayofspring",3
"1551","NOAAFisheries","ct",3
"1552","NOAAFisheries","farewellfairweather",3
"1553","NOAAFisheries","harmfulalgalblooms",3
"1554","NOAAFisheries","ice",3
"1555","NOAAFisheries","icrs16",3
"1556","NOAAFisheries","innovative",3
"1557","NOAAFisheries","marinemammals",3
"1558","NOAAFisheries","mmpa",3
"1559","NOAAFisheries","nationaldonutday",3
"1560","NOAAFisheries","nationalseafoodmonth",3
"1561","NOAAFisheries","nutrientpollution",3
"1562","NOAAFisheries","nyc",3
"1563","NOAAFisheries","photoessay",3
"1564","NOAAFisheries","seafoodforthought",3
"1565","NOAAFisheries","seal",3
"1566","NOAAFisheries","shellfish",3
"1567","NOAAFisheries","southdakota",3
"1568","NOAAFisheries","squid",3
"1569","NOAAFisheries","success",3
"1570","NOAAFisheries","theexpertsarein",3
"1571","NOAAFisheries","worldhydrographyday",3
"1572","NOAAHabitat","adaptivemanagement",3
"1573","NOAAHabitat","alaksa",3
"1574","NOAAHabitat","biscayne",3
"1575","NOAAHabitat","butterfish",3
"1576","NOAAHabitat","fishdance",3
"1577","NOAAHabitat","gloucester",3
"1578","NOAAHabitat","grasses",3
"1579","NOAAHabitat","gulfofmaine",3
"1580","NOAAHabitat","habitatmmonth",3
"1581","NOAAHabitat","ifishsaltwater",3
"1582","NOAAHabitat","infrastructure",3
"1583","NOAAHabitat","infrastructureweek2017",3
"1584","NOAAHabitat","marine",3
"1585","NOAAHabitat","marinescience",3
"1586","NOAAHabitat","sponge",3
"1587","NOAAHabitat","trout",3
"1588","NOAAHabitat","urchin",3
"1589","NOAAHabitat","vimeo",3
"1590","NOAAHabitat","viticulture",3
"1591","NOAAHabitat","wetlandsmonth",3
"1592","NOAAHabitat","wetlandswork",3
"1593","NOAAResearch","16cis",3
"1594","NOAAResearch","academia",3
"1595","NOAAResearch","adoptadrifter",3
"1596","NOAAResearch","airborne",3
"1597","NOAAResearch","atlas",3
"1598","NOAAResearch","bimonthly",3
"1599","NOAAResearch","bivalve",3
"1600","NOAAResearch","blackcarbon",3
"1601","NOAAResearch","blue",3
"1602","NOAAResearch","calibration",3
"1603","NOAAResearch","capstone",3
"1604","NOAAResearch","carbondioxide",3
"1605","NOAAResearch","ci",3
"1606","NOAAResearch","citizenscience",3
"1607","NOAAResearch","clivar2013",3
"1608","NOAAResearch","coast",3
"1609","NOAAResearch","contigusa",3
"1610","NOAAResearch","coralgal",3
"1611","NOAAResearch","cyclones",3
"1612","NOAAResearch","dauphinisland",3
"1613","NOAAResearch","dynamics",3
"1614","NOAAResearch","economies",3
"1615","NOAAResearch","eels",3
"1616","NOAAResearch","elements",3
"1617","NOAAResearch","enews",3
"1618","NOAAResearch","engineering",3
"1619","NOAAResearch","enrr",3
"1620","NOAAResearch","eutrophication",3
"1621","NOAAResearch","everyfullmoon",3
"1622","NOAAResearch","expertise",3
"1623","NOAAResearch","extreme",3
"1624","NOAAResearch","extremeevents",3
"1625","NOAAResearch","flashback",3
"1626","NOAAResearch","floodplan",3
"1627","NOAAResearch","g1",3
"1628","NOAAResearch","ghostforest",3
"1629","NOAAResearch","globalclimate",3
"1630","NOAAResearch","goest",3
"1631","NOAAResearch","graduates",3
"1632","NOAAResearch","gso",3
"1633","NOAAResearch","guam",3
"1634","NOAAResearch","hawaiinislands",3
"1635","NOAAResearch","hurricaneharvey",3
"1636","NOAAResearch","hurricaneprep",3
"1637","NOAAResearch","icecon",3
"1638","NOAAResearch","iceprocesses",3
"1639","NOAAResearch","inclusion",3
"1640","NOAAResearch","indiana",3
"1641","NOAAResearch","instaphoto",3
"1642","NOAAResearch","internships",3
"1643","NOAAResearch","island",3
"1644","NOAAResearch","jupiterinlet",3
"1645","NOAAResearch","kauai",3
"1646","NOAAResearch","kingcrabs",3
"1647","NOAAResearch","maps",3
"1648","NOAAResearch","marianaislands",3
"1649","NOAAResearch","math",3
"1650","NOAAResearch","missouri",3
"1651","NOAAResearch","modeling",3
"1652","NOAAResearch","mullet",3
"1653","NOAAResearch","nate",3
"1654","NOAAResearch","nationalaviationhistory",3
"1655","NOAAResearch","nationalwriteabusinessplanmonth",3
"1656","NOAAResearch","navigation",3
"1657","NOAAResearch","nc",3
"1658","NOAAResearch","ncdrought",3
"1659","NOAAResearch","nebraska",3
"1660","NOAAResearch","newsletter",3
"1661","NOAAResearch","noaaresarch",3
"1662","NOAAResearch","noaasos",3
"1663","NOAAResearch","november2017",3
"1664","NOAAResearch","observing",3
"1665","NOAAResearch","ocsblog",3
"1666","NOAAResearch","october",3
"1667","NOAAResearch","oklahoma",3
"1668","NOAAResearch","openhouse",3
"1669","NOAAResearch","outlook",3
"1670","NOAAResearch","outreach",3
"1671","NOAAResearch","oysterseason",3
"1672","NOAAResearch","partners",3
"1673","NOAAResearch","passport2science",3
"1674","NOAAResearch","pops",3
"1675","NOAAResearch","ppm",3
"1676","NOAAResearch","products",3
"1677","NOAAResearch","publicsafety",3
"1678","NOAAResearch","rainforest",3
"1679","NOAAResearch","red",3
"1680","NOAAResearch","riverine",3
"1681","NOAAResearch","saildrones",3
"1682","NOAAResearch","scdrought",3
"1683","NOAAResearch","scienceinaction",3
"1684","NOAAResearch","sealevels",3
"1685","NOAAResearch","sedimentation",3
"1686","NOAAResearch","shakedown",3
"1687","NOAAResearch","southcarolina",3
"1688","NOAAResearch","state",3
"1689","NOAAResearch","stormwatch",3
"1690","NOAAResearch","stream",3
"1691","NOAAResearch","sun",3
"1692","NOAAResearch","supertides",3
"1693","NOAAResearch","surge",3
"1694","NOAAResearch","svrwx101",3
"1695","NOAAResearch","swordfish",3
"1696","NOAAResearch","teachingclimate",3
"1697","NOAAResearch","tennessee",3
"1698","NOAAResearch","testing",3
"1699","NOAAResearch","tidal",3
"1700","NOAAResearch","usa",3
"1701","NOAAResearch","waterresources",3
"1702","NOAAResearch","watersupply",3
"1703","NOAAResearch","weatherawareness",3
"1704","NOAAResearch","westcoast",3
"1705","NOAAResearch","wildfires",3
"1706","NOAAResearch","winterwxawarenessweek",3
"1707","NOAAResearch","wisconsin",3
"1708","NOAAResearch","woodland",3
"1709","NOAAResearch","wrightbrothersday",3
"1710","NOAAFish_WCRO","actonclimate",2
"1711","NOAAFish_WCRO","cephalopodweek",2
"1712","NOAAFish_WCRO","coho",2
"1713","NOAAFish_WCRO","columbiariver",2
"1714","NOAAFish_WCRO","esri",2
"1715","NOAAFish_WCRO","exxonvaldez",2
"1716","NOAAFish_WCRO","goodbeergoodcause",2
"1717","NOAAFish_WCRO","habitatblueprint",2
"1718","NOAAFish_WCRO","leatherback",2
"1719","NOAAFish_WCRO","or",2
"1720","NOAAFish_WCRO","paddler",2
"1721","NOAAFish_WCRO","research",2
"1722","NOAAFish_WCRO","restore25",2
"1723","NOAAFish_WCRO","seabirds",2
"1724","NOAAFish_WCRO","shellfishban",2
"1725","NOAAFish_WCRO","vanwa",2
"1726","NOAAFish_WCRO","veterans",2
"1727","NOAAFish_WCRO","wfmd2014",2
"1728","NOAAFisheries","alumnispotlight",2
"1729","NOAAFisheries","brussels",2
"1730","NOAAFisheries","chow2016",2
"1731","NOAAFisheries","internationalwomensday",2
"1732","NOAAFisheries","newyear",2
"1733","NOAAFisheries","theexpertisin",2
"1734","NOAAFisheries","topten",2
"1735","NOAAFisheries","workingwaterfront",2
"1736","NOAAHabitat","anemone",2
"1737","NOAAHabitat","bleaching",2
"1738","NOAAHabitat","ca",2
"1739","NOAAHabitat","capecod",2
"1740","NOAAHabitat","coastal",2
"1741","NOAAHabitat","coralsreefs",2
"1742","NOAAHabitat","cucumber",2
"1743","NOAAHabitat","dwh",2
"1744","NOAAHabitat","easycolonoscopy",2
"1745","NOAAHabitat","endangeredspecies",2
"1746","NOAAHabitat","essentialfishhabitat",2
"1747","NOAAHabitat","ff",2
"1748","NOAAHabitat","fishing",2
"1749","NOAAHabitat","flkeys",2
"1750","NOAAHabitat","flood",2
"1751","NOAAHabitat","hawaiianmonkseals",2
"1752","NOAAHabitat","hexacopter",2
"1753","NOAAHabitat","holidayshopping",2
"1754","NOAAHabitat","hurricanes",2
"1755","NOAAHabitat","livingshoreline",2
"1756","NOAAHabitat","noprivacy",2
"1757","NOAAHabitat","raealliance",2
"1758","NOAAHabitat","restoring",2
"1759","NOAAHabitat","seagrass",2
"1760","NOAAHabitat","seascapes",2
"1761","NOAAHabitat","uas",2
"1762","NOAAHabitat","underthesea",2
"1763","NOAAHabitat","veteransday",2
"1764","NOAAHabitat","wed2016",2
"1765","NOAAHabitat","welovelandscapes",2
"1766","NOAAHabitat","worldoceansday",2
"1767","NOAAResearch","aerosol",2
"1768","NOAAResearch","agung",2
"1769","NOAAResearch","algaeblooms",2
"1770","NOAAResearch","ama",2
"1771","NOAAResearch","analyze",2
"1772","NOAAResearch","arcticocean",2
"1773","NOAAResearch","auvs",2
"1774","NOAAResearch","backtothebasics",2
"1775","NOAAResearch","bali",2
"1776","NOAAResearch","balloon",2
"1777","NOAAResearch","beyondthedata",2
"1778","NOAAResearch","bonaire",2
"1779","NOAAResearch","bundlingup",2
"1780","NOAAResearch","cali",2
"1781","NOAAResearch","cee",2
"1782","NOAAResearch","celebessea",2
"1783","NOAAResearch","climateprogram",2
"1784","NOAAResearch","climatescience",2
"1785","NOAAResearch","collaborations",2
"1786","NOAAResearch","commercial",2
"1787","NOAAResearch","concepts",2
"1788","NOAAResearch","crs",2
"1789","NOAAResearch","cruise",2
"1790","NOAAResearch","csi",2
"1791","NOAAResearch","ctd",2
"1792","NOAAResearch","cutterhealy",2
"1793","NOAAResearch","daily",2
"1794","NOAAResearch","dispatchesfromthearctic",2
"1795","NOAAResearch","distribution",2
"1796","NOAAResearch","divers",2
"1797","NOAAResearch","dry",2
"1798","NOAAResearch","ecs",2
"1799","NOAAResearch","eddi",2
"1800","NOAAResearch","essm",2
"1801","NOAAResearch","fellow",2
"1802","NOAAResearch","ffo",2
"1803","NOAAResearch","fire",2
"1804","NOAAResearch","fishwatch",2
"1805","NOAAResearch","floodrisks",2
"1806","NOAAResearch","fresh",2
"1807","NOAAResearch","ga",2
"1808","NOAAResearch","gaps",2
"1809","NOAAResearch","getprepared",2
"1810","NOAAResearch","givingback",2
"1811","NOAAResearch","globalmonitoringdivision",2
"1812","NOAAResearch","goa",2
"1813","NOAAResearch","gooseneck",2
"1814","NOAAResearch","grant",2
"1815","NOAAResearch","habitats",2
"1816","NOAAResearch","haccp",2
"1817","NOAAResearch","healthycoasts",2
"1818","NOAAResearch","hellodecember",2
"1819","NOAAResearch","history",2
"1820","NOAAResearch","hydrothermalvents",2
"1821","NOAAResearch","igbestphoto",2
"1822","NOAAResearch","imagery",2
"1823","NOAAResearch","impact",2
"1824","NOAAResearch","insights",2
"1825","NOAAResearch","instagrammin",2
"1826","NOAAResearch","kalapana",2
"1827","NOAAResearch","kinolau",2
"1828","NOAAResearch","lakeerie",2
"1829","NOAAResearch","lava",2
"1830","NOAAResearch","lavaflow",2
"1831","NOAAResearch","literacy",2
"1832","NOAAResearch","local",2
"1833","NOAAResearch","lousiana",2
"1834","NOAAResearch","medea",2
"1835","NOAAResearch","microscope",2
"1836","NOAAResearch","moderate",2
"1837","NOAAResearch","mondaymotivation",2
"1838","NOAAResearch","monitor",2
"1839","NOAAResearch","nationalstemday",2
"1840","NOAAResearch","ncei",2
"1841","NOAAResearch","nerr",2
"1842","NOAAResearch","newjersey",2
"1843","NOAAResearch","noaaeducation",2
"1844","NOAAResearch","noaaglerl",2
"1845","NOAAResearch","noaatop5",2
"1846","NOAAResearch","nonprofits",2
"1847","NOAAResearch","oartop5",2
"1848","NOAAResearch","oceancommotion",2
"1849","NOAAResearch","oer",2
"1850","NOAAResearch","olympiccoast",2
"1851","NOAAResearch","oomd",2
"1852","NOAAResearch","pacificmarineenvironmentallab",2
"1853","NOAAResearch","paris",2
"1854","NOAAResearch","photooftheweek",2
"1855","NOAAResearch","phytoplankton",2
"1856","NOAAResearch","prarieinstitute",2
"1857","NOAAResearch","puna",2
"1858","NOAAResearch","qotd",2
"1859","NOAAResearch","results",2
"1860","NOAAResearch","saildrone",2
"1861","NOAAResearch","seafloor",2
"1862","NOAAResearch","seineriver",2
"1863","NOAAResearch","squid",2
"1864","NOAAResearch","study",2
"1865","NOAAResearch","svrwx",2
"1866","NOAAResearch","system",2
"1867","NOAAResearch","teacheratsea",2
"1868","NOAAResearch","thankfulthursday",2
"1869","NOAAResearch","todolist",2
"1870","NOAAResearch","tpo",2
"1871","NOAAResearch","trends",2
"1872","NOAAResearch","ucar",2
"1873","NOAAResearch","uga",2
"1874","NOAAResearch","universityofillinois",2
"1875","NOAAResearch","uri",2
"1876","NOAAResearch","usgs",2
"1877","NOAAResearch","va",2
"1878","NOAAResearch","virginia",2
"1879","NOAAResearch","volcano",2
"1880","NOAAResearch","warning",2
"1881","NOAAResearch","watch",2
"1882","NOAAResearch","weatherenterprise",2
"1883","NOAAResearch","womenofnssl",2
"1884","NOAAResearch","worse",2
"1885","NOAAResearch","youth4climate",2
"1886","NOAAResearch","zooplankton",2
"1887","NOAAFish_WCRO","animation",1
"1888","NOAAFish_WCRO","aq2016",1
"1889","NOAAFish_WCRO","bluefintuna",1
"1890","NOAAFish_WCRO","earthday",1
"1891","NOAAFish_WCRO","endangered",1
"1892","NOAAFish_WCRO","eulachon",1
"1893","NOAAFish_WCRO","geoduck",1
"1894","NOAAFish_WCRO","green",1
"1895","NOAAFish_WCRO","hawaii",1
"1896","NOAAFish_WCRO","internationalwomensday",1
"1897","NOAAFish_WCRO","klamath",1
"1898","NOAAFish_WCRO","led",1
"1899","NOAAFish_WCRO","liveonkomo",1
"1900","NOAAFish_WCRO","mendocino",1
"1901","NOAAFish_WCRO","nasa",1
"1902","NOAAFish_WCRO","nature",1
"1903","NOAAFish_WCRO","pacific",1
"1904","NOAAFish_WCRO","pokemongo",1
"1905","NOAAFish_WCRO","resilientlandsandwaters",1
"1906","NOAAFish_WCRO","santabarbaraoilspill",1
"1907","NOAAFish_WCRO","sardine",1
"1908","NOAAFish_WCRO","seawall",1
"1909","NOAAFish_WCRO","seel",1
"1910","NOAAFish_WCRO","ship",1
"1911","NOAAFish_WCRO","stem",1
"1912","NOAAFish_WCRO","trawlers",1
"1913","NOAAFish_WCRO","trawling",1
"1914","NOAAFish_WCRO","tribal",1
"1915","NOAAFish_WCRO","ucdavis",1
"1916","NOAAFish_WCRO","uscg",1
"1917","NOAAFish_WCRO","virginia",1
"1918","NOAAFish_WCRO","womeninscience",1
"1919","NOAAFisheries","chef",1
"1920","NOAAHabitat","animation",1
"1921","NOAAHabitat","biscaynebay",1
"1922","NOAAHabitat","caribbean",1
"1923","NOAAHabitat","coastalresilience",1
"1924","NOAAHabitat","deepsealunch",1
"1925","NOAAHabitat","farmland",1
"1926","NOAAHabitat","georgia",1
"1927","NOAAHabitat","jobs",1
"1928","NOAAHabitat","knauss",1
"1929","NOAAHabitat","lunch",1
"1930","NOAAHabitat","marsh",1
"1931","NOAAHabitat","naturalinfrastructure",1
"1932","NOAAHabitat","nomnom",1
"1933","NOAAHabitat","passthecocktailsauce",1
"1934","NOAAHabitat","picnogonid",1
"1935","NOAAHabitat","scifri",1
"1936","NOAAHabitat","seaspiders",1
"1937","NOAAHabitat","sheboyganriver",1
"1938","NOAAHabitat","shorelines",1
"1939","NOAAHabitat","sincekatrina",1
"1940","NOAAHabitat","southeast",1
"1941","NOAAHabitat","steelhead",1
"1942","NOAAHabitat","superfund",1
"1943","NOAAHabitat","tweetsfromsea",1
"1944","NOAAHabitat","whereskelvin",1
"1945","NOAAHabitat","wormwednesday",1
"1946","NOAAResearch","53years",1
"1947","NOAAResearch","aerosols",1
"1948","NOAAResearch","airresources",1
"1949","NOAAResearch","ams",1
"1950","NOAAResearch","ams2018",1
"1951","NOAAResearch","aq",1
"1952","NOAAResearch","arkansas",1
"1953","NOAAResearch","asv",1
"1954","NOAAResearch","aurora",1
"1955","NOAAResearch","awareness",1
"1956","NOAAResearch","battleoftheatlantic",1
"1957","NOAAResearch","bvsd",1
"1958","NOAAResearch","cabbagehead",1
"1959","NOAAResearch","charts",1
"1960","NOAAResearch","chesapeakebay",1
"1961","NOAAResearch","chicagocanal",1
"1962","NOAAResearch","chile",1
"1963","NOAAResearch","cires",1
"1964","NOAAResearch","coffinfish",1
"1965","NOAAResearch","commercialization",1
"1966","NOAAResearch","communications",1
"1967","NOAAResearch","computer",1
"1968","NOAAResearch","connectwithus",1
"1969","NOAAResearch","constituent",1
"1970","NOAAResearch","czma",1
"1971","NOAAResearch","dispersion",1
"1972","NOAAResearch","easternpacific",1
"1973","NOAAResearch","ecoystem",1
"1974","NOAAResearch","evolution",1
"1975","NOAAResearch","extratropical",1
"1976","NOAAResearch","farmers",1
"1977","NOAAResearch","features",1
"1978","NOAAResearch","field",1
"1979","NOAAResearch","floodawarenessweek",1
"1980","NOAAResearch","fossils",1
"1981","NOAAResearch","gaintheexperience",1
"1982","NOAAResearch","goldernhornchimney",1
"1983","NOAAResearch","grasscarp",1
"1984","NOAAResearch","gravd",1
"1985","NOAAResearch","greatplains",1
"1986","NOAAResearch","greenhouse",1
"1987","NOAAResearch","habitat",1
"1988","NOAAResearch","hazards",1
"1989","NOAAResearch","hurricanejerry",1
"1990","NOAAResearch","igbestphotooftheweek",1
"1991","NOAAResearch","il",1
"1992","NOAAResearch","ilinseagrant",1
"1993","NOAAResearch","innovations",1
"1994","NOAAResearch","instgram",1
"1995","NOAAResearch","instruments",1
"1996","NOAAResearch","iowa",1
"1997","NOAAResearch","isgs",1
"1998","NOAAResearch","jpss",1
"1999","NOAAResearch","jtti",1
"2000","NOAAResearch","legislative",1
"2001","NOAAResearch","licensing",1
"2002","NOAAResearch","menhaden",1
"2003","NOAAResearch","mi",1
"2004","NOAAResearch","midwest",1
"2005","NOAAResearch","mn",1
"2006","NOAAResearch","nevada",1
"2007","NOAAResearch","newsarchive",1
"2008","NOAAResearch","noaaarl",1
"2009","NOAAResearch","nweifuku",1
"2010","NOAAResearch","oceanography",1
"2011","NOAAResearch","oco",1
"2012","NOAAResearch","ourwork",1
"2013","NOAAResearch","partnership",1
"2014","NOAAResearch","petm",1
"2015","NOAAResearch","physicalsciences",1
"2016","NOAAResearch","plains",1
"2017","NOAAResearch","prairie",1
"2018","NOAAResearch","predictions",1
"2019","NOAAResearch","product",1
"2020","NOAAResearch","professional",1
"2021","NOAAResearch","q",1
"2022","NOAAResearch","reports",1
"2023","NOAAResearch","rfp",1
"2024","NOAAResearch","ringsoffire",1
"2025","NOAAResearch","scholars",1
"2026","NOAAResearch","sealifeinaction",1
"2027","NOAAResearch","seaports",1
"2028","NOAAResearch","smallbusinesssaturday",1
"2029","NOAAResearch","snowseason",1
"2030","NOAAResearch","soest",1
"2031","NOAAResearch","southeast",1
"2032","NOAAResearch","stingingnettles",1
"2033","NOAAResearch","submarine",1
"2034","NOAAResearch","submarineringoffire",1
"2035","NOAAResearch","success",1
"2036","NOAAResearch","sustainable",1
"2037","NOAAResearch","systems",1
"2038","NOAAResearch","temps",1
"2039","NOAAResearch","thanksgivingweek",1
"2040","NOAAResearch","toolkit",1
"2041","NOAAResearch","trash",1
"2042","NOAAResearch","ttp",1
"2043","NOAAResearch","uav",1
"2044","NOAAResearch","undergrads",1
"2045","NOAAResearch","uranus",1
"2046","NOAAResearch","urashimavent",1
"2047","NOAAResearch","urbanocean",1
"2048","NOAAResearch","usdrought",1
"2049","NOAAResearch","video",1
"2050","NOAAResearch","voyagerii",1
"2051","NOAAResearch","waterquality",1
"2052","NOAAResearch","whereintheworld",1
"2053","NOAAResearch","winterawareness",1
"2054","NOAAResearch","winterprep",1
"2055","NOAAResearch","winterweatherawareness",1
"2056","NOAAResearch","wireless",1
"2057","NOAAResearch","wwii",1
"2058","NOAAResearch","wxresearch",1
"2059","NOAAFish_WCRO","anglers",0
"2060","NOAAFish_WCRO","aquariumpacific",0
"2061","NOAAFish_WCRO","bluefin",0
"2062","NOAAFish_WCRO","camp",0
"2063","NOAAFish_WCRO","casabeach",0
"2064","NOAAFish_WCRO","cetacean",0
"2065","NOAAFish_WCRO","chinook",0
"2066","NOAAFish_WCRO","columbia",0
"2067","NOAAFish_WCRO","conservation",0
"2068","NOAAFish_WCRO","cvsalmon",0
"2069","NOAAFish_WCRO","dam",0
"2070","NOAAFish_WCRO","elwha",0
"2071","NOAAFish_WCRO","homecoming",0
"2072","NOAAFish_WCRO","humboldtsteelheaddays",0
"2073","NOAAFish_WCRO","humpback",0
"2074","NOAAFish_WCRO","kwresearch",0
"2075","NOAAFish_WCRO","longbeach",0
"2076","NOAAFish_WCRO","nationalgeographic",0
"2077","NOAAFish_WCRO","noaasciencecamp",0
"2078","NOAAFish_WCRO","northernfurseal",0
"2079","NOAAFish_WCRO","opb",0
"2080","NOAAFish_WCRO","orca",0
"2081","NOAAFish_WCRO","penguins",0
"2082","NOAAFish_WCRO","portland",0
"2083","NOAAFish_WCRO","raisethegrade",0
"2084","NOAAFish_WCRO","ranchers",0
"2085","NOAAFish_WCRO","reintroduction",0
"2086","NOAAFish_WCRO","researchers",0
"2087","NOAAFish_WCRO","rockfish",0
"2088","NOAAFish_WCRO","salmonsnapshots",0
"2089","NOAAFish_WCRO","sanfrancisco",0
"2090","NOAAFish_WCRO","sciencecollaboration",0
"2091","NOAAFish_WCRO","sciences",0
"2092","NOAAFish_WCRO","seaturtle",0
"2093","NOAAFish_WCRO","sonar",0
"2094","NOAAFish_WCRO","stormwater",0
"2095","NOAAFish_WCRO","survey",0
"2096","NOAAFish_WCRO","sustainable",0
"2097","NOAAFish_WCRO","technology",0
"2098","NOAAFish_WCRO","time100",0
"2099","NOAAFish_WCRO","veteran",0
"2100","NOAAFish_WCRO","whitehouse",0
"2101","NOAAFish_WCRO","willametteriver",0
"2102","NOAAFish_WCRO","worldoceandsday",0
"2103","NOAAFish_WCRO","worldoceansdaychat",0
"2104","NOAAFish_WCRO","yuba",0
"2105","NOAAFisheries","habitats",0
"2106","NOAAHabitat","aquaculture",0
"2107","NOAAHabitat","arcticshield14",0
"2108","NOAAHabitat","atlanticsalmon",0
"2109","NOAAHabitat","bamboo",0
"2110","NOAAHabitat","blueprint",0
"2111","NOAAHabitat","bouchard",0
"2112","NOAAHabitat","buzzardsbay",0
"2113","NOAAHabitat","conserve",0
"2114","NOAAHabitat","dinner",0
"2115","NOAAHabitat","echinoblog",0
"2116","NOAAHabitat","fishpond",0
"2117","NOAAHabitat","gonefishing",0
"2118","NOAAHabitat","hugo",0
"2119","NOAAHabitat","hydropower",0
"2120","NOAAHabitat","idaho",0
"2121","NOAAHabitat","irmahurricane2017",0
"2122","NOAAHabitat","jobskills",0
"2123","NOAAHabitat","lawx",0
"2124","NOAAHabitat","lobster",0
"2125","NOAAHabitat","marinebiology",0
"2126","NOAAHabitat","mi",0
"2127","NOAAHabitat","muskegon",0
"2128","NOAAHabitat","naf2015",0
"2129","NOAAHabitat","nantucket",0
"2130","NOAAHabitat","nopersonalspace",0
"2131","NOAAHabitat","octocoral",0
"2132","NOAAHabitat","protect",0
"2133","NOAAHabitat","recreationalfishing",0
"2134","NOAAHabitat","savingsalmon",0
"2135","NOAAHabitat","starfish",0
"2136","NOAAHabitat","stem",0
"2137","NOAAHabitat","stpete",0
"2138","NOAAHabitat","stpetersburgfl",0
"2139","NOAAHabitat","stripedbass",0
"2140","NOAAHabitat","talldrinkofcoral",0
"2141","NOAAHabitat","tbt",0
"2142","NOAAHabitat","thanksgiving",0
"2143","NOAAHabitat","tulalip",0
"2144","NOAAResearch","aati",0
"2145","NOAAResearch","aircraft",0
"2146","NOAAResearch","alamo",0
"2147","NOAAResearch","algal",0
"2148","NOAAResearch","anglerfish",0
"2149","NOAAResearch","aquaculature",0
"2150","NOAAResearch","art",0
"2151","NOAAResearch","artcontest",0
"2152","NOAAResearch","asia",0
"2153","NOAAResearch","axbt",0
"2154","NOAAResearch","balboa",0
"2155","NOAAResearch","beachfronts",0
"2156","NOAAResearch","blooms",0
"2157","NOAAResearch","businesswomensweek",0
"2158","NOAAResearch","bvlos",0
"2159","NOAAResearch","caribbean",0
"2160","NOAAResearch","caribbeansea",0
"2161","NOAAResearch","carp",0
"2162","NOAAResearch","ccut",0
"2163","NOAAResearch","chukchisea",0
"2164","NOAAResearch","climateevents",0
"2165","NOAAResearch","collaborative",0
"2166","NOAAResearch","companies",0
"2167","NOAAResearch","connecticut",0
"2168","NOAAResearch","ct",0
"2169","NOAAResearch","drifters",0
"2170","NOAAResearch","dungeness",0
"2171","NOAAResearch","ecdc",0
"2172","NOAAResearch","elizabethriver",0
"2173","NOAAResearch","entrepreneurial",0
"2174","NOAAResearch","estuary",0
"2175","NOAAResearch","events",0
"2176","NOAAResearch","expeditions",0
"2177","NOAAResearch","facts",0
"2178","NOAAResearch","fall",0
"2179","NOAAResearch","findthefish",0
"2180","NOAAResearch","freezingrain",0
"2181","NOAAResearch","game",0
"2182","NOAAResearch","gis",0
"2183","NOAAResearch","globalstats",0
"2184","NOAAResearch","greatbay",0
"2185","NOAAResearch","heatwaves",0
"2186","NOAAResearch","highlights",0
"2187","NOAAResearch","honolulu",0
"2188","NOAAResearch","hurricanejuan",0
"2189","NOAAResearch","hwt",0
"2190","NOAAResearch","icebergs",0
"2191","NOAAResearch","info",0
"2192","NOAAResearch","institutions",0
"2193","NOAAResearch","interns",0
"2194","NOAAResearch","intheknow",0
"2195","NOAAResearch","inventors",0
"2196","NOAAResearch","invertebrate",0
"2197","NOAAResearch","jamescarruthers",0
"2198","NOAAResearch","kathrynmcintosh",0
"2199","NOAAResearch","knauss2019",0
"2200","NOAAResearch","leadersinscience",0
"2201","NOAAResearch","lionfish",0
"2202","NOAAResearch","longisland",0
"2203","NOAAResearch","medweek",0
"2204","NOAAResearch","meetthescientists",0
"2205","NOAAResearch","miami",0
"2206","NOAAResearch","microbiomes",0
"2207","NOAAResearch","nation",0
"2208","NOAAResearch","nca",0
"2209","NOAAResearch","noaacpo",0
"2210","NOAAResearch","noaapmel",0
"2211","NOAAResearch","northeast",0
"2212","NOAAResearch","nsta17",0
"2213","NOAAResearch","oads",0
"2214","NOAAResearch","oceanscience",0
"2215","NOAAResearch","olivia",0
"2216","NOAAResearch","onthefrontline",0
"2217","NOAAResearch","ospr",0
"2218","NOAAResearch","oyster",0
"2219","NOAAResearch","ozonelayer",0
"2220","NOAAResearch","paleoclimatology",0
"2221","NOAAResearch","polarvortex",0
"2222","NOAAResearch","prep",0
"2223","NOAAResearch","publichealth",0
"2224","NOAAResearch","quality",0
"2225","NOAAResearch","rvshearwater",0
"2226","NOAAResearch","seasons",0
"2227","NOAAResearch","selection",0
"2228","NOAAResearch","shipwrecks",0
"2229","NOAAResearch","sitka",0
"2230","NOAAResearch","skidawayisland",0
"2231","NOAAResearch","sleet",0
"2232","NOAAResearch","slr",0
"2233","NOAAResearch","smallbusinesses",0
"2234","NOAAResearch","southdakota",0
"2235","NOAAResearch","southpolies",0
"2236","NOAAResearch","sss",0
"2237","NOAAResearch","sst",0
"2238","NOAAResearch","statestreetriver",0
"2239","NOAAResearch","stormwater",0
"2240","NOAAResearch","summer",0
"2241","NOAAResearch","summercruises",0
"2242","NOAAResearch","technologies",0
"2243","NOAAResearch","telepresence",0
"2244","NOAAResearch","tfr",0
"2245","NOAAResearch","thermometers",0
"2246","NOAAResearch","trout",0
"2247","NOAAResearch","tsunamis",0
"2248","NOAAResearch","turkeyfish",0
"2249","NOAAResearch","universities",0
"2250","NOAAResearch","usvets",0
"2251","NOAAResearch","ut",0
"2252","NOAAResearch","waterborne",0
"2253","NOAAResearch","weatherreadynation",0
"2254","NOAAResearch","winterawarenessweek",0
"2255","NOAAResearch","zones",0
